Employbl Company ID,Company Name,Website,City,State,Zip,Latitude,Longitude
876,Grabr,Grabr.io,San Francisco,CA,94111,37.798439,-122.402248
181,Creative Market,creativemarket.com,San Francisco,CA,94111,37.800539,-122.396966
324,Hornblower Cruises,www.hornblower.com,San Francisco,CA,94111,37.798031,-122.394973
38,Alpha Sense,www.alpha-sense.com,San Francisco,CA,94104,37.790436,-122.401266
55,Apple,www.apple.com,Cupertino,CA,95014,37.33182,-122.03118
952,MarkLogic,marklogic.com,San Carlos,CA,94070,37.50734,-122.246944
84,Betterworks,betterworks.com,Redwood City,CA,94063,37.484282,-122.225865
28,Airbnb,www.airbnb.com,San Francisco,CA,94103,37.770138,-122.406353
808,Zignal Labs,zignallabs.com,San Francisco,CA,94103,37.782187,-122.409907
165,Code Nation,codenation.org,San Francisco,CA,94103,37.782052,-122.409694
395,Lever,www.lever.co,San Francisco,CA,94103,37.782292,-122.409546
664,Storenvy,storenvy.com,San Francisco,CA,94102,37.782762,-122.410379
80,Benchmark Capital,www.benchmark.com,San Francisco,CA,94102,37.782762,-122.410379
1079,Forcepoint,forcepoint.com,Los Gatos,CA,95032,37.249966,-121.967384
963,One Medical,onemedical.com,San Francisco,CA,94107,37.782989,-122.393071
319,Holberton School,www.holbertonschool.com,San Francisco,CA,94111,37.792085,-122.399368
27,After College,www.aftercollege.com,San Francisco,CA,94111,37.792085,-122.399368
380,Knotel,knotel.com,San Francisco,CA,94103,37.781703,-122.408409
835,Roblox,roblox.com,San Mateo,CA,94403,37.544412,-122.293699
376,Kiip,www.kiip.me,San Francisco,CA,94107,37.779299,-122.405026
196,Datavisor,datavisor.com,Mountain View,CA,94043,37.407728,-122.077488
433,Memebox,us.memebox.com,San Francisco,CA,94103,37.781519,-122.407699
791,Y Combinator SF,www.ycombinator.com,San Francisco,CA,94103,37.781709,-122.407809
338,Indiegogo,www.indiegogo.com,San Francisco,CA,94103,37.781409,-122.407592
861,Leetcode,leetcode.com,Palo Alto,CA,94303,37.424205,-122.098878
574,Resilio,www.resilio.com,San Francisco,CA,94105,37.787677,-122.398995
303,Hack Reactor,www.hackreactor.com,San Francisco,CA,94102,37.783697,-122.408966
573,Rescale,www.rescale.com,San Francisco,CA,94102,37.78376,-122.408816
246,Figure Eight,www.figure-eight.com,San Francisco,CA,94103,37.780922,-122.406243
119,Bugsnag,www.bugsnag.com,San Francisco,CA,94107,37.778197,-122.40252
597,Sano,sano.co,San Francisco,CA,94107,37.778387,-122.402266
478,No Means No Worldwide,www.nomeansnoworldwide.org,San Francisco,CA,94111,37.799885,-122.400479
118,Bugcrowd,www.bugcrowd.com,San Francisco,CA,94111,37.799885,-122.400479
545,Qualys,qualys.com,Foster City,CA,94404,37.555726,-122.276719
16,Adecco Group,www.adeccogroup.com,San Bruno,CA,94066,37.635,-122.424555
285,Good Eggs,www.goodeggs.com,San Francisco,CA,94124,37.740966,-122.394958
325,HotelTonight,www.hoteltonight.com,San Francisco,CA,94103,37.783436,-122.408038
419,Marketo,marketo.com,San Mateo,CA,94404,37.559895,-122.287037
982,YouTube,youtube.com,San Bruno,CA,94066,37.628293,-122.426523
769,Wealthfront,wealthfront.com,Redwood City,CA,94063,37.485152,-122.229612
858,Visa,usa.visa.com,Foster City,CA,94404,37.559665,-122.275934
104,Box,box.com,Redwood City,CA,94063,37.48487,-122.229315
48,AngelList,angel.co,San Francisco,CA,94133,37.796759,-122.403471
6,23andMe,23andme.com,Mountain View,CA,94041,37.395208,-122.079159
539,Proofpoint,proofpoint.com,Sunnyvale,CA,94089,37.400617,-122.032115
610,Sendgrid,sendgrid.com,Redwood City,CA,94063,37.485417,-122.229213
223,Ejento,www.ejento.com,San Francisco,CA,94107,37.779555,-122.4015
436,Mesosphere,mesosphere.com,San Francisco,CA,94105,37.789422,-122.400547
557,Randstad,www.randstadusa.com,San Francisco,CA,94108,37.788638,-122.403344
239,Expensify,use.expensify.com,San Francisco,CA,94108,37.788693,-122.403332
276,GitHub,github.com,San Francisco,CA,94107,37.782267,-122.391248
474,Nextdoor,nextdoor.com,San Francisco,CA,94103,37.776363,-122.416331
469,Nerd Wallet,www.nerdwallet.com,San Francisco,CA,94103,37.776363,-122.416331
523,Pivotal,pivotal.io,San Francisco,CA,94103,37.781822,-122.403975
379,Kiva,www.kiva.org,San Francisco,CA,94103,37.781822,-122.403975
282,Glu Mobile,www.glu.com,San Francisco,CA,94105,37.781833,-122.403986
765,Walmart Labs,www.walmartlabs.com,Sunnyvale,CA,94086,37.381451,-122.036953
799,Zedo,www.zedo.com,San Francisco,CA,94133,37.797157,-122.403406
173,Collective Health,collectivehealth.com,San Francisco,CA,94107,37.776105,-122.397302
120,BuildingConnected,buildingconnected.com,San Francisco,CA,94105,37.78845,-122.399909
418,Mapbox,www.mapbox.com,San Francisco,CA,94105,37.78844,-122.399855
141,Chartboost,www.chartboost.com,San Francisco,CA,94105,37.78844,-122.399855
543,Qadium,qadium.com,San Francisco,CA,94105,37.78844,-122.399855
399,Lime,li.me,San Francisco,CA,94105,37.78835,-122.399738
377,Kissmetrics,www.kissmetricshq.com,San Francisco,CA,94111,37.798028,-122.40251
260,Fossa,www.fossa.io,San Francisco,CA,94103,37.78451,-122.406709
316,HireClub,hireclub.com,San Francisco,CA,94103,37.784219,-122.406176
946,Kabam,corporate.kabam.com,San Francisco,CA,94107,37.782188,-122.400495
728,TrustArc,www.trustarc.com,San Francisco,CA,94103,37.783518,-122.406862
188,Crunchyroll,www.crunchyroll.com,San Francisco,CA,94103,37.783535,-122.406855
937,GoPro,gopro.com,San Francisco,CA,94103,37.784688,-122.40694
194,DataFox,www.datafox.com,San Francisco,CA,94103,37.782493,-122.403364
828,GoodTime,goodtime.io,San Francisco,CA,94103,37.782493,-122.403364
51,App Academy,www.appacademy.io,San Francisco,CA,94111,37.799195,-122.401373
457,Mountain View Staffing,www.mountainviewstaffing.com,Palo Alto,CA,94303,37.421099,-122.101449
447,MitchelLake Group,www.mitchellake.com,San Francisco,CA,94111,37.797747,-122.402228
711,Thoughtworks,www.thoughtworks.com,San Francisco,CA,94103,37.784414,-122.404915
49,Anomali,anomali.com,Redwood City,CA,94063,37.486075,-122.231216
33,Alation,alation.com,Redwood City,CA,94063,37.491223,-122.228606
916,NetSpring,netspring.io,Mountain View,CA,94040,37.386564,-122.084176
931,Elastic,elastic.co,Mountain View,CA,94040,37.386495,-122.084129
341,InfluxData,www.influxdata.com,San Francisco,CA,94103,37.785885,-122.405289
430,Medium,medium.com,San Francisco,CA,94102,37.776318,-122.393848
29,Airtable,airtable.com,San Francisco,CA,94103,37.785885,-122.405289
546,Quantcast,www.quantcast.com,San Francisco,CA,94107,37.782143,-122.400493
40,Always Hired,www.alwayshired.com,San Francisco,CA,94103,37.782143,-122.400493
315,HintMD,hintmd.com,Pleasanton,CA,94588,37.690223,-121.930334
160,CloudFabrix,cloudfabrix.com,Pleasanton,CA,94588,37.690223,-121.930334
600,SavvyMoney,savvymoney.com,Pleasanton,CA,94588,37.690223,-121.930334
451,Model N,modeln.com,San Mateo,CA,94404,37.559179,-122.286982
580,Rigetti Computing,www.rigetti.com,Berkeley,CA,94710,37.853277,-122.293637
519,Philo,philo.com,San Francisco,CA,94107,37.776697,-122.402105
1081,AgilOne,acquia.com,Sunnyvale,CA,94085,37.395589,-122.031758
948,Logitech,logitech.com,Newark,CA,94560,37.539124,-122.06178
510,Patagonia,www.patagonia.com,San Francisco,CA,94109,37.805997,-122.419946
571,Remind,www.remind.com,San Francisco,CA,94107,37.78203,-122.395713
401,Linqia,www.linqia.com,San Francisco,CA,94108,37.788176,-122.404682
9,140 Proof,140proof.com,San Francisco,CA,94107,37.78226,-122.392125
289,Gorgias,gorgias.io,San Francisco,CA,94107,37.781522,-122.399156
59,Apteligent,www.apteligent.com,San Francisco,CA,94102,37.786529,-122.405385
255,Flexport,www.flexport.com,San Francisco,CA,94102,37.786529,-122.405385
182,Credit Karma,www.creditkarma.com,San Francisco,CA,94102,37.78656,-122.405275
1076,SVG Ventures,svgventures.com,Los Gatos,CA,95032,37.238909,-121.973883
1078,Sterling Communications,sterlingpr.com,Los Gatos,CA,95032,37.238909,-121.973883
699,Tenable,www.tenable.com,San Jose,CA,95113,37.337119,-121.889391
821,CommonGenius,commongenius.com,San Jose,CA,95113,37.337119,-121.889391
218,Eat Club,www.eatclub.com,San Francisco,CA,94103,37.77714,-122.405153
444,Minted,www.minted.com,San Francisco,CA,94111,37.79846,-122.400269
934,Funding Circle,fundingcircle.com,San Francisco,CA,94111,37.798456,-122.399995
933,Flipboard,about.flipboard.com,Palo Alto,CA,94301,37.442773,-122.159474
534,Practice Fusion,www.practicefusion.com,San Francisco,CA,94103,37.786642,-122.403997
548,Quip,quip.com,San Francisco,CA,94103,37.786642,-122.403997
898,Productboard,productboard.com,San Francisco,CA,94103,37.786844,-122.404042
616,Shippo,goshippo.com,San Francisco,CA,94103,37.786844,-122.404042
286,Goodby Silverstein & Partners,goodbysilverstein.com,San Francisco,CA,94108,37.792664,-122.406541
180,Cradlepoint,cradlepoint.com,Los Gatos,CA,95032,37.236957,-121.975021
508,Pantheon,pantheon.io,San Francisco,CA,94108,37.792231,-122.406141
302,Gymboree Group,www.gymboree.com/about-gymboree.html,San Francisco,CA,94105,37.789273,-122.399583
392,Lending Club,lendingclub.com,San Francisco,CA,94105,37.789273,-122.399583
981,Yahoo,yahoo.com,Sunnyvale,CA,94089,37.417181,-122.025012
1060,HackerRank,hackerrank.com,Mountain View,CA,94041,37.377584,-122.064086
201,DesignMap,www.designmap.com,San Francisco,CA,94110,37.76028,-122.411927
127,Campsyte,www.campsyte.com,San Francisco,CA,94107,37.779515,-122.396102
815,Zynga,zynga.com,San Francisco,CA,94103,37.770445,-122.404141
486,Nylas,www.nylas.com,San Francisco,CA,94103,37.777062,-122.41238
441,Metromile,www.metromile.com,San Francisco,CA,94107,37.784211,-122.398987
974,Synopsys,synopsys.com,Mountain View,CA,94043,37.394497,-122.050391
918,User Testing Inc.,www.usertesting.com,San Francisco,CA,94107,37.775329,-122.397653
978,UserTesting,www.usertesting.com,San Francisco,CA,94107,37.775329,-122.397653
532,Postmates,postmates.com,San Francisco,CA,94107,37.775336,-122.397647
626,Sindeo,sindeo.com,San Francisco,CA,94111,37.800349,-122.400758
87,BigCommerce,www.bigcommerce.com,San Francisco,CA,94105,37.787795,-122.402906
345,Insightly,www.insightly.com,San Francisco,CA,94107,37.78459,-122.398566
199,Demandbase,www.demandbase.com,San Francisco,CA,94107,37.784558,-122.398564
413,Macy's,www.macys.com,San Francisco,CA,94107,37.784558,-122.398564
637,SmugMug,smugmug.com,Mountain View,CA,94041,37.389879,-122.067676
729,Turo,turo.com,San Francisco,CA,94105,37.786784,-122.401279
529,Portrait Displays,www.portrait.com,Pleasanton,CA,94588,37.697403,-121.909145
556,Rally Health,www.rallyhealth.com,San Francisco,CA,94107,37.779398,-122.393011
480,Notable Labs,www.notablelabs.com,San Francisco,CA,94107,37.779501,-122.393038
754,Virtusa,virtusa.com,Fremont,CA,94555,37.546319,-122.064388
189,Culture Amp,www.cultureamp.com,San Francisco,CA,94104,37.788307,-122.402957
863,Talix,www.talix.com,San Francisco,CA,94107,37.779035,-122.393586
287,GoodData,gooddata.com,San Francisco,CA,94107,37.779035,-122.393586
47,Angaza,www.angaza.com,San Francisco,CA,94103,37.782333,-122.407604
477,NinjaRMM,ninjarmm.com,San Francisco,CA,94105,37.786708,-122.400844
879,Human Interest,humaninterest.com,San Francisco,CA,94111,37.795242,-122.403654
361,Joyent,www.joyent.com,San Francisco,CA,94111,37.795246,-122.403523
566,Redfin,www.redfin.com,San Francisco,CA,94111,37.795242,-122.403654
86,Beyond Games,www.beyondgames.co,San Francisco,CA,94111,37.795246,-122.403523
576,Returnly,returnly.com,San Francisco,CA,94111,37.795242,-122.403654
730,TwentyThree,www.twentythree.net,San Francisco,CA,94107,37.777739,-122.395441
387,Layer,layer.com,San Francisco,CA,94107,37.777739,-122.395441
521,Pinterest,www.pinterest.com,San Francisco,CA,94107,37.775234,-122.399659
484,Nuna,www.nuna.com,San Francisco,CA,94103,37.771032,-122.403307
354,iRhythm,irhythmtech.com,San Francisco,CA,94103,37.771032,-122.403307
890,WanderJaunt,wanderjaunt.com,San Francisco,CA,94105,37.787265,-122.401168
92,Bitnami,bitnami.com,San Francisco,CA,94105,37.787275,-122.401127
549,Quora,quora.com,Mountain View,CA,94041,37.387912,-122.083125
979,WhatsApp,whatsapp.com,Mountain View,CA,94041,37.387999,-122.082985
503,Outreach,www.outreach.io,San Francisco,CA,94108,37.792912,-122.405211
53,AppDirect,www.appdirect.com,San Francisco,CA,94108,37.792912,-122.405211
193,Datadog,www.datadoghq.com,San Francisco,CA,94108,37.792936,-122.405378
26,Affirm,www.affirm.com,San Francisco,CA,94108,37.792912,-122.405211
649,Sparkcentral,sparkcentral.com,San Francisco,CA,94108,37.792912,-122.405211
780,Woebot Labs,woebot.io,San Francisco,CA,94107,37.775591,-122.398012
364,June Oven,juneoven.com,San Francisco,CA,94111,37.797512,-122.399816
128,Canopy Health,canopyhealth.com,Emeryville,CA,94608,37.845796,-122.29669
99,BlueCrew,bluecrewjobs.com,San Francisco,CA,94103,37.772775,-122.402309
740,Urban Airship,www.urbanairship.com,San Francisco,CA,94107,37.783797,-122.396507
391,LeapFrog,leapfrog.com,Emeryville,CA,94608,37.845358,-122.291794
753,Vineti,vineti.com,San Francisco,CA,94105,37.785928,-122.398847
206,Divvy Homes,www.divvyhomes.com,San Francisco,CA,94107,37.784547,-122.397215
537,Prezi,prezi.com,San Francisco,CA,9410,37.784517,-122.397194
497,Optimizely,www.optimizely.com,San Francisco,CA,94105,37.786029,-122.398555
878,Hewlett-Packard Enterprise,hpe.com,San Jose,CA,95002,37.419235,-121.978859
525,Pixlee,www.pixlee.com,San Francisco,CA,94105,37.788622,-122.40164
397,Lightbend,www.lightbend.com,San Francisco,CA,94105,37.788653,-122.40168
114,Brightpearl,www.brightpearl.com,San Francisco,CA,94105,37.788653,-122.40168
373,Kentik,www.kentik.com,San Francisco,CA,94107,37.781695,-122.39106
333,IGN Entertainment,corp.ign.com,San Francisco,CA,94107,37.781695,-122.39106
93,Blackhawk Network,blackhawknetwork.com,Pleasanton,CA,94588,37.695488,-121.9218
655,SpringML,springml.com,Pleasanton,CA,94588,37.695881,-121.924518
416,Mailgun,www.mailgun.com,San Francisco,CA,94107,37.785269,-122.397576
1000,DeltaTrak,deltatrak.com,Pleasanton,CA,94588,37.697751,-121.923222
721,Tradeshift,tradeshift.com,San Francisco,CA,94105,37.78671,-122.398897
787,Workday,www.workday.com,Pleasanton,CA,94588,37.697788,-121.925522
669,Strive Talent,strive.co,San Francisco,CA,94110,37.763441,-122.417039
23,Aerotek,www.aerotek.com,South San Francisco,CA,94080,37.65869,-122.400136
82,Betterment,www.betterment.com,New York,NY,10010,40.74273,-73.991864
886,SentinelOne,sentinelone.com,Mountain View,CA,94043,37.402611,-122.049253
727,Truly,truly.co,San Francisco,CA,94115,37.78797,-122.400204
18,Adobe,www.adobe.com,San Francisco,CA,94103,37.771206,-122.401662
822,Court Buddy,courtbuddy.com,San Francisco,CA,94108,37.792359,-122.404738
152,Clearbit,clearbit.com,San Francisco,CA,94107,37.778035,-122.396166
504,PagerDuty,www.pagerduty.com,San Francisco,CA,94103,37.771696,-122.40257
21,Advent Software,www.advent.com,San Francisco,CA,94103,37.771704,-122.402634
468,NepFin,www.nepfin.com,San Francisco,CA,94111,37.795184,-122.402764
547,Quid,quid.com,San Francisco,CA,94107,37.784126,-122.395826
737,Udemy,www.udemy.com,San Francisco,CA,94107,37.784199,-122.395895
17,Admitsee,www.admitsee.com,San Francisco,CA,94109,37.792955,-122.404794
652,Spotinst,spotinst.com,San Francisco,CA,94108,37.792922,-122.404737
553,RainForest QA,www.rainforestqa.com,San Francisco,CA,94111,37.797587,-122.400685
270,Gemini,gemini.com,New York,NY,10016,40.749324,-73.975909
137,Castle,castle.io,San Francisco,CA,94103,37.776142,-122.409695
624,SignalFx,signalfx.com,San Mateo,CA,94401,37.563562,-122.324503
747,Verkada,verkada.com,San Mateo,CA,94401,37.563562,-122.324503
195,Dataminr,www.dataminr.com,New York,NY,10016,40.746545,-73.984982
50,Apollo,www.apollo.io,San Francisco,CA,94107,37.782263,-122.392143
814,Zymergen,zymergen.com,Emeryville,CA,94608,37.841406,-122.291085
531,Postman,www.getpostman.com,San Francisco,CA,94105,37.789215,-122.4008
781,Wollborg Michelson Recruiting,www.wmjobs.com,San Francisco,CA,94105,37.789215,-122.4008
248,FinancialForce,financialforce.com,San Francisco,CA,94105,37.789215,-122.4008
467,Nelson Staffing,nelsonjobs.com,San Francisco,CA,94104,37.789215,-122.4008
632,Slashdot Media,slashdot.org,San Francisco,CA,94105,37.787077,-122.398189
476,Neyborly,www.neyborly.com,San Francisco,CA,94102,37.789137,-122.410081
458,MoveWith,www.movewith.com,San Francisco,CA,94105,37.787171,-122.398138
34,Algolia,www.algolia.com,San Francisco,CA,94105,37.78691,-122.397679
673,SV Angel,svangel.com,San Francisco,CA,94102,37.789279,-122.410011
240,Exponential,exponential.com,Emeryville,CA,94608,37.840151,-122.290686
818,Blackbaud,www.blackbaud.com,Emeryville,CA,94608,37.840151,-122.290686
133,Carbon Five,www.carbonfive.com,San Francisco,CA,94105,37.786969,-122.397569
439,Method,www.method.com,San Francisco,CA,94105,37.786908,-122.397483
156,ClickUp,clickup.com,San Francisco,CA,94105,37.787258,-122.398063
385,Lattice,lattice.com,San Francisco,CA,94105,37.787258,-122.398063
102,Blurb,www.blurb.com,San Francisco,CA,94104,37.792982,-122.404143
190,CyberCube,www.cybcube.com,San Francisco,CA,94105,37.788465,-122.400666
175,comma.ai,comma.ai,San Francisco,CA,94107,37.762642,-122.402942
823,Deliverr,deliverr.com,San Francisco,CA,94105,37.787107,-122.397547
913,GoodRx,goodrx.com,San Francisco,CA,94107,37.782257,-122.392295
606,Scion Staffing,scionstaffing.com,San Francisco,CA,94111,37.793954,-122.402636
106,Bradfield School of Computer Science,bradfieldcs.com,San Francisco,CA,94103,37.778974,-122.409555
98,Blue River Technology,www.bluerivertechnology.com,Sunnyvale,CA,94085,37.391861,-122.034289
724,Trifacata,www.trifacta.com,San Francisco,CA,94105,37.789551,-122.400313
772,Wellio,getwellio.com,San Francisco,CA,94105,37.789551,-122.400313
685,Talentburst,www.talentburst.com,San Francisco,CA,94105,37.789551,-122.400313
795,Yext,www.yext.com,San Francisco,CA,94105,37.789831,-122.400272
867,Codility,codility.com,San Francisco,CA,94105,37.789551,-122.400313
464,Namely,www.namely.com,San Francisco,CA,94105,37.789551,-122.400313
421,Mashery,www.mashery.com,San Francisco,CA,94105,37.789551,-122.400313
362,Judge Group,www.judge.com,San Francisco,CA,94105,37.789551,-122.400313
293,Greenhouse Software,www.greenhouse.io,San Francisco,CA,94105,37.789551,-122.400313
166,Codecademy,www.codecademy.com,New York,NY,10012,40.724518,-73.997855
24,AEye,aeye.ai,Pleasanton,CA,94588,37.691173,-121.891925
36,Allbirds,www.allbirds.com,San Francisco,CA,94111,37.796147,-122.40294
187,Crunchbase,www.crunchbase.com,San Francisco,CA,94104,37.789685,-122.401137
526,Plaid,plaid.com,San Francisco,CA,94104,37.789685,-122.401137
283,GoDaddy,www.godaddy.com,San Francisco,CA,94102,37.789371,-122.409649
14,Accenture,www.accenture.com,San Francisco,CA,94105,37.788696,-122.399372
367,JUUL Labs,juul.com,San Francisco,CA,94107,37.760795,-122.386129
541,Proto.io,proto.io,San Francisco,CA,94105,37.78848,-122.400667
830,LoanSnap,goloansnap.com,San Francisco,CA,94102,37.789262,-122.409589
1069,Planful,planful.com,Redwood City,CA,94065,37.520957,-122.256128
941,Inflection.com,inflection.com,Redwood City,CA,94065,37.521019,-122.256482
327,HotSchedules,www.hotschedules.com,San Francisco,CA,94105,37.788564,-122.398535
1086,Infosys,infosys.com,San Francisco,CA,94105,37.78869,-122.398695
810,Zoosk,zoosk.com,San Francisco,CA,94105,37.782452,-122.409592
647,Spark Program,sparkprogram.org,San Francisco,CA,94107,37.762571,-122.400835
443,Mindsource,mindsource.com,Mountain View,CA,94043,37.399445,-122.046322
604,Scality,scality.com,San Francisco,CA,94104,37.79206,-122.403706
1087,IBM,ibm.com,San Jose,CA,95141,37.195907,-121.748586
65,Ask Media Group,www.askmediagroup.com,Oakland,CA,94607,37.803686,-122.275269
372,KBC Staffing,kbcstaffing.com,Oakland,CA,94607,37.803686,-122.275269
870,AspireIQ,aspireiq.com,San Francisco,CA,94111,37.794546,-122.402935
331,iCrossing,www.icrossing.com,San Francisco,CA,94108,37.79327,-122.404348
755,Visby,www.visby.io,San Francisco,CA,94107,37.780552,-122.397193
456,Motionloft,motionloft.com,San Francisco,CA,94103,37.767304,-122.406142
678,Swrve,swrve.com,San Francisco,CA,94108,37.786345,-122.406709
809,Zinc,zinc.it,San Francisco,CA,94105,37.788242,-122.401051
760,Vonnda,www.vonnda.com,San Francisco,CA,94105,37.788112,-122.401136
896,LocusLabs,locuslabs.com,Oakland,CA,94607,37.793706,-122.273894
706,The League,www.theleague.com,San Francisco,CA,94103,37.775041,-122.414533
784,Wonderware,www.wonderware.com,San Francisco,CA,94133,37.805468,-122.406402
228,Endpoint Clinical,www.endpointclinical.com,San Francisco,CA,94133,37.805468,-122.406402
707,The RealReal,www.therealreal.com,San Francisco,CA,94133,37.805716,-122.405486
349,Intercom,www.intercom.com,San Francisco,CA,94105,37.788806,-122.400313
953,Marvell,marvell.com,Santa Clara,CA,95054,37.411865,-121.982146
797,Zapier,zapier.com,San Francisco,CA,94104,37.790047,-122.400874
170,Coinbase,www.coinbase.com,San Francisco,CA,94104,37.790029,-122.40084
291,Grammarly,www.grammarly.com,San Francisco,CA,94104,37.790047,-122.400874
748,Vero,www.getvero.com,San Francisco,CA,94104,37.790047,-122.400874
919,Arista,arista.com,Santa Clara,CA,95054,37.412161,-121.97603
513,PeopleConnect Staffing,www.peopleconnectstaffing.com,San Francisco,CA,94105,37.787637,-122.396728
183,Cricket Health,crickethealth.com,San Francisco,CA,94105,37.787956,-122.397247
559,RazorFrog,razorfrog.com,San Francisco,CA,94105,37.787956,-122.397247
964,Palantir,palantir.com,Palo Alto,CA,94301,37.443844,-122.162189
599,Sauce Labs,saucelabs.com,San Francisco,CA,94107,37.780146,-122.396756
329,Hover,www.hover.to,San Francisco,CA,94107,37.780243,-122.396684
321,Honeybook,www.honeybook.com,San Francisco,CA,94107,37.780243,-122.396684
726,Trulia,www.trulia.com,San Francisco,CA,94105,37.78889,-122.398091
326,HotPads,hotpads.com,San Francisco,CA,94105,37.78889,-122.398091
109,Branch International,branch.co,San Francisco,CA,94105,37.788866,-122.39821
425,Mattermark,mattermark.com,San Francisco,CA,94105,37.78889,-122.398091
761,Voxbone,www.voxbone.com,San Francisco,CA,94105,37.788866,-122.39821
854,Thorn,www.thorn.org,San Francisco,CA,94106,37.788891,-122.3981
687,Talkdesk,www.talkdesk.com,San Francisco,CA,94105,37.789059,-122.398104
434,MemSQL,www.memsql.com,San Francisco,CA,94107,37.778744,-122.397673
426,Mattermost,mattermost.com,Palo Alto,CA,94301,37.44934,-122.15997
862,TalentSeer,talentseer.com,Sunnyvale,Ca,94085,37.384261,-121.992675
1068,Pared,pared.com,San Francisco,CA,94105,37.788099,-122.397105
715,Thunder,www.makethunder.com,San Francisco,CA,94108,37.790809,-122.406076
663,Stitcher,stitcher.com,San Francisco,CA,94105,37.787829,-122.396529
824,Dharma Labs,dharma.io,San Francisco,CA,94105,37.787829,-122.396529
398,LightStep,lightstep.com,San Francisco,CA,94105,37.790503,-122.39903
613,Sephora,sephora.com,San Francisco,CA,94105,37.790503,-122.39903
1003,Front,frontapp.com,San Francisco,CA,94107,37.777503,-122.39706
263,Front App,frontapp.com,San Francisco,CA,94107,37.777503,-122.39706
462,MyFitnessPal,www.myfitnesspal.com,San Francisco,CA,94107,37.777503,-122.39706
244,Faire,www.faire.com,San Francisco,CA,94107,37.782731,-122.392768
111,Brigade,www.brigade.com,San Francisco,CA,94107,37.780864,-122.395494
489,Offset Partners,www.designbyoffset.com,Napa,CA,94559,38.293985,-122.283673
845,FileMaker,www.filemaker.com,Santa Clara,CA,95054,37.406436,-121.983479
1084,Tata Consultancy Services,tcs.com,Santa Clara,CA,95054,37.406306,-121.976493
843,Brillio,www.brillio.com,Santa Clara,CA,95054,37.406306,-121.976493
100,BlueJeans,www.bluejeans.com,Mountain View,CA,94043,37.398873,-122.047364
578,Ridecell,ridecell.com,San Francisco,CA,94107,37.781335,-122.396426
448,MixMax,mixmax.com,San Francisco,CA,94107,37.782709,-122.393564
2,8tracks,8tracks.com,San Francisco,CA,94114,37.765227,-122.429756
657,Stackshare,stackshare.io,San Francisco,CA,94107,37.783523,-122.391715
588,Rollbar,rollbar.com,San Francisco,CA,94107,37.783478,-122.391728
752,VigLink,www.viglink.com,San Francisco,CA,94111,37.795077,-122.401826
643,SoloLearn,sololearn.com,Pleasanton,CA,94588,37.693842,-121.909886
332,Ideo,www.ideo.com,San Francisco,CA,94105,37.788464,-122.387357
739,Upsight,www.upsight.com,San Francisco,CA,94105,37.78698,-122.39446
281,Gliffy,www.gliffy.com,San Francisco,CA,94107,37.783226,-122.39279
1052,Quizlet,quizlet.com,San Francisco,CA,94107,37.783226,-122.39279
45,Amplitude,amplitude.com,San Francisco,CA,94107,37.783181,-122.392966
859,Wind River,www.windriver.com,Alameda,CA,94501,37.781588,-122.261401
301,Gusto,gusto.com,San Francisco,CA,94107,37.78084,-122.39582
172,Coit Group,www.coitgroup.com,San Francisco,CA,94111,37.79521,-122.401154
222,Eero,eero.com,San Francisco,CA,94105,37.788489,-122.396735
1085,Cognizant,cognizant.com,Teaneck,NJ,7666,40.873268,-74.006006
660,Stash Invest,stashinvest.com,New York,NY,10018,40.753206,-73.989326
625,Simple Habit,simplehabit.com,San Francisco,CA,94107,37.780816,-122.395666
253,Fivestars,www.fivestars.com,San Francisco,CA,94107,37.780816,-122.395666
852,Proxy,www.proxy.com,San Francisco,CA,94107,37.780816,-122.395666
275,Gigster,gigster.com,San Francisco,CA,94107,37.78084,-122.39582
666,Strava,strava.com,San Francisco,CA,94107,37.780816,-122.395666
339,inDinero,www.indinero.com,San Francisco,CA,94133,37.798025,-122.402939
889,Veem,Veem.com,San Francisco,CA,94133,37.797972,-122.402886
46,Anaplan,anaplan.com,San Francisco,CA,94107,37.7851,-122.398808
594,Salesforce,www.salesforce.com,San Francisco,CA,94105,37.790503,-122.397215
585,Robert Half,www.roberthalf.com,San Francisco,CA,94111,37.794049,-122.397304
465,Narvar,corp.narvar.com,San Francisco,CA,94105,37.791139,-122.396067
347,Instacart,www.instacart.com,San Francisco,CA,94105,37.791139,-122.396067
866,Zipline,flyzipline.com,Half Moon Bay,CA,94019,37.465188,-122.435223
801,Zendrive,www.zendrive.com,San Francisco,CA,94107,37.781615,-122.395902
268,GarageScript,garagescript.org,San Jose,CA,95110,37.325786,-121.898008
112,BrightBytes,www.brightbytes.net,San Francisco,CA,94107,37.783046,-122.394067
427,Matterport,matterport.com,San Francisco,CA,94105,37.789866,-122.399329
812,Zumper,zumper.com,San Francisco,CA,94108,37.787698,-122.404288
665,Stratim,stratim.com,San Francisco,CA,94103,37.779173,-122.405746
662,Stitch Labs,stitchlabs.com,San Francisco,CA,94103,37.779173,-122.405746
231,Envoy,envoy.com,San Francisco,CA,94107,37.781752,-122.395705
66,ASUS,www.asus.com,Fremont,CA,94538,37.461544,-121.923311
865,WorkBoard,workboard.com,Redwood City,CA,94063,37.50372,-122.212355
1074,Infogain,infogain.com,Los Gatos,CA,95032,37.229674,-121.971945
885,Riffyn,riffyn.com,Oakland,CA,94607,37.801299,-122.274085
758,Voiceops,voiceops.com,San Francisco,CA,94107,37.781507,-122.395228
897,Manifold,manifold.ai,Oakland,CA,94607,37.800993,-122.274212
857,Tynker,www.tynker.com,Mountain View,CA,94040,37.404447,-122.112369
840,Tundra,tundra.com,San Francisco,CA,94111,37.796532,-122.403146
686,Talkable,www.talkable.com,San Francisco,CA,94103,37.765377,-122.421552
42,Amazon Web Services,aws.training,San Francisco,Ca,94111,37.794573,-122.40194
960,NetApp,netapp.com,Sunnyvale,CA,94089,37.411384,-122.01254
423,MasterClass,www.masterclass.com,San Francisco,CA,94107,37.77862,-122.395179
906,Airbase,airbase.com,San Francisco,CA,94107,37.77862,-122.395179
977,Upwork,upwork.com,San Francisco,CA,94107,37.77879,-122.395539
1077,Tascent,tascent.com,Los Gatos,CA,95032,37.229431,-121.971254
910,Customer Lobby,customerlobby.com,Oakland,CA,94612,37.804518,-122.272367
71,Avatier,avatier.com,Pleasanton,CA,94588,37.697076,-121.900639
832,Modern Health,joinmodernhealth.com,San Francisco,CA,94133,37.799218,-122.405185
713,Thrive Global,thriveglobal.com,San Francisco,CA,94107,37.781999,-122.395384
388,Leadspace,leadspace.com,San Francisco,CA,94108,37.788505,-122.403884
1024,Mentor Graphics,mentor.com,Fremont,CA,94538,37.479393,-121.942169
446,MissionU,www.missionu.com,San Francisco,CA,94102,37.787278,-122.410924
445,Mira,miracare.com,Pleasanton,CA,94588,37.692439,-121.900639
1046,ThinkHR,thinkhr.com,Pleasanton,CA,94588,37.692439,-121.900639
20,AdStage,www.adstage.io,San Francisco,CA,94108,37.790365,-122.405118
309,Heap,heapanalytics.com,San Francisco,CA,94107,37.78221,-122.395299
884,PubNub,pubnub.com,San Francisco,CA,94107,37.782299,-122.395291
696,Teespring,teespring.com,San Francisco,CA,94107,37.78221,-122.395299
771,Weebly,weebly.com,San Francisco,CA,94107,37.78221,-122.395299
43,Ambient.ai,ambient.ai,Palo Alto,CA,94301,37.447222,-122.158617
991,Brilliant,brilliantmade.com,San Francisco,CA,94104,37.793608,-122.402614
779,Wizeline,www.wizeline.com,San Francisco,CA,94104,37.793458,-122.402771
314,Hingeto,hingeto.com,Oakland,CA,94607,37.800585,-122.274206
803,Zenput,www.zenput.com,San Francisco,CA,94103,37.781002,-122.406912
562,Red Bridge Internet,www.redbridgenet.com,San Francisco,CA,94102,37.777158,-122.425696
150,Clara Analytics,www.claraanalytics.com,Santa Clara,CA,95050,37.35087,-121.932689
1,3scale,3scale.net,San Francisco,CA,94107,37.774634,-122.398642
825,DiDi Labs,didi-labs.com,Mountain View,CA,94043,37.40184,-122.052942
837,Spin,spin.app,San Francisco,CA,94105,37.790135,-122.397464
708,The Sourcery,thesourcery.com,San Francisco,CA,94105,37.790135,-122.397464
323,Horizons School of Technology,www.joinhorizons.com,San Francisco,CA,94103,37.771581,-122.409606
90,Birst,www.birst.com,San Francisco,CA,94105,37.791249,-122.397149
1040,SmartZip,smartzip.com,Pleasanton,CA,94588,37.697023,-121.883922
1036,ServiceMax,servicemax.com,Pleasanton,CA,94588,37.697023,-121.883922
204,Discord,discordapp.com,San Francisco,CA,94107,37.763973,-122.401277
494,OpenDNS,www.opendns.com,San Francisco,CA,94107,37.77497,-122.398526
596,Samsara,www.samsara.com,San Francisco,CA,94107,37.764616,-122.401862
267,Galvanize,www.galvanize.com/san-francisco,San Francisco,CA,94105,37.787601,-122.396643
299,GrowthX,growthx.com,San Francisco,CA,94105,37.787601,-122.396643
1014,Kintone,kintone.com,San Francisco,CA,94104,37.789731,-122.401906
695,TechSoup,www.techsoup.org,San Francisco,CA,94107,37.77906,-122.394821
994,Cloudera,cloudera.com,San Francisco,CA,94104,37.792699,-122.401684
147,Circle Medical,www.circlemedical.com,San Francisco,CA,94103,37.782141,-122.408098
633,SlashNext,slashnext.com,Pleasanton,CA,94588,37.692513,-121.893005
877,Harmonic,harmonicinc.com,San Jose,CA,95134,37.421136,-121.961086
745,Veeva,veeva.com,Pleasanton,CA,94588,37.690156,-121.895304
139,Ceres Imaging,ceresimaging.net,Oakland,CA,94612,37.803616,-122.27108
350,interviewing.io,interviewing.io,San Francisco,CA,94107,37.782399,-122.394087
533,Powerhouse,powerhouse.fund,Oakland,CA,94612,37.806579,-122.268978
873,Crossover Hub,crossoverhub.com,Fremont,CA,94538,37.508858,-121.970526
924,Craigslist Foundation,craigslistfoundation.org,San Francisco,CA,NaN,37.78196,-122.40635
738,Upgrade,www.upgrade.com,San Francisco,CA,94104,37.792798,-122.401375
308,Headspace,headspace.com,San Francisco,CA,94104,37.792792,-122.401422
568,ReferralExchange,www.referralexchange.com,San Francisco,CA,94108,37.790431,-122.404473
130,Capgemini,www.capgemini.com,San Francisco,CA,94107,37.779352,-122.394737
509,Parsable,www.parsable.com,San Francisco,CA,94107,37.784312,-122.394425
320,Homebase,joinhomebase.com,San Francisco,CA,94107,37.784273,-122.394471
690,TaskRabbit,www.taskrabbit.com,San Francisco,CA,94107,37.784312,-122.394425
1063,Klarity Law,tryklarity.com,San Francisco,CA,94117,37.774146,-122.433904
636,SmartBiz Loans,smartbizloans.com,San Francisco,CA,94104,37.793398,-122.403228
217,EasyPost,www.easypost.com,San Francisco,CA,94104,37.793398,-122.403228
163,Clover Network,clover.com,Sunnyvale,CA,94085,37.386705,-122.03198
775,WeWork,wework.com,San Francisco,CA,94105,37.789816,-122.396905
460,MuleSoft,mulesoft.com,San Francisco,CA,94105,37.789816,-122.396905
538,Product School,www.productschool.com,San Francisco,CA,94111,37.796319,-122.402347
335,Imgur,imgurinc.com,San Francisco,CA,94111,37.796319,-122.402347
756,Vitagene,vitagene.com,San Francisco,CA,94107,37.779604,-122.394536
126,CallidusCloud,calliduscloud.com,Dublin,CA,94568,37.70257,-121.875051
592,Saba Software,saba.com,Dublin,CA,94568,37.703718,-121.873605
492,Onesignal,onesignal.com,San Mateo,CA,94402,37.548326,-122.320274
117,Broadly,broadly.com,Oakland,CA,94612,37.80313,-122.270816
522,Pique Tea,www.piquetea.com,San Francisco,CA,94114,37.751103,-122.433595
449,Mixpanel,mixpanel.com,San Francisco,CA,94105,37.788533,-122.395069
254,Fivetran,fivetran.com,Oakland,CA,94612,37.80372,-122.270341
101,BlueVine,bluevine.com,Redwood City,CA,94063,37.487126,-122.232107
252,Five9,five9.com,San Ramon,CA,94583,37.769476,-121.967804
168,Codexis,codexis.com,Redwood City,CA,94063,37.500281,-122.216549
694,Techees Recruiting,techees.com,San Francisco,CA,94111,37.791783,-122.398544
383,Kyokan,www.kyokan.io,San Leandro,CA,94577,37.726286,-122.152051
561,Recurly,recurly.com,San Francisco,CA,94110,37.763815,-122.412607
645,Sony PlayStation,www.playstation.com/en-us,San Francisco,CA,94107,37.783888,-122.395409
220,Eaze,www.eaze.com,San Francisco,CA,94111,37.79539,-122.396107
144,Chegg,www.chegg.com,Santa Clara,CA,95054,37.388454,-121.972382
925,DataStax,datastax.com,Santa Clara,CA,95054,37.387153,-121.973883
348,Intelliswift,intelliswift.com,Newark,CA,94560,37.52388,-121.996495
956,Medallia,medallia.com,Palo Alto,CA,94306,37.425606,-122.139163
488,Odopod,www.odopod.com,San Francisco,CA,94102,37.777761,-122.422861
1021,Matchpoint Solutions,matchps.com,Pleasanton,CA,94588,37.684027,-121.90224
77,Bebo,bebo.com,San Francisco,CA,94103,37.781274,-122.403895
184,Criteo,www.criteo.com,New York,NY,10016,40.742901,-73.984138
874,Datrium,datrium.com,Sunnyvale,CA,94089,37.40639,-122.016012
1057,Descript,descript.com,San Francisco,CA,94118,37.777746,-122.422654
820,Change,www.change.org,San Francisco,CA,94103,37.765052,-122.40226
179,Coursera,www.coursera.org,Mountain View,CA,94041,37.386873,-122.060787
366,JustAnswer,justanswer.com,San Francisco,CA,94129,37.79964,-122.456665
909,Commure,commure.com,San Francisco,CA,94107,37.780631,-122.394021
731,Twilio,www.twilio.com,San Francisco,CA,94105,37.788012,-122.39152
888,Tally,meettally.com,San Francisco,CA,94110,37.764494,-122.411951
766,Wanelo,wanelo.com,San Francisco,CA,94110,37.764564,-122.41189
1006,Grand Rounds,grandrounds.com,San Francisco,CA,94107,37.782688,-122.398342
7,80Twenty,80twenty.com,San Francisco,CA,94104,37.791722,-122.40202
402,Literably,literably.com,San Francisco,CA,94103,37.764963,-122.406581
158,Cloud4Wi,cloud4wi.com,San Francisco,CA,94103,37.781278,-122.402944
922,Cisco,cisco.com,San Jose,CA,95134,37.408175,-121.928128
368,Kaiser Permanente,kaiserpermanente.org,Oakland,CA,94611,37.823492,-122.258122
796,Yodlee,yodlee.com,Redwood City,CA,94065,37.537298,-122.254532
31,AKQA,www.akqa.com,San Francisco,CA,94107,37.782707,-122.398354
735,uBiome,ubiome.com,San Francisco,CA,94103,37.773057,-122.404561
777,Wikia,www.wikia.com/fandom,San Francisco,CA,94107,37.782707,-122.398354
357,Iterable,iterable.com,San Francisco,CA,94107,37.782678,-122.398368
619,ShopPad,theshoppad.com,Oakland,CA,94612,37.811068,-122.265617
365,Juniper Square,junipersquare.com,San Francisco,CA,94104,37.792902,-122.400733
701,Tesla,www.tesla.com,Palo Alto,CA,94304,37.394838,-122.150389
501,Ouster,www.ouster.io,San Francisco,CA,94110,37.764397,-122.413721
247,Fin,www.fin.com,San Francisco,CA,94104,37.793812,-122.400951
241,Extole,www.extole.com,San Francisco,CA,94104,37.793812,-122.400951
710,Thirdlove,www.thirdlove.com,San Francisco,CA,94103,37.765667,-122.403145
951,MapR Technologies,mapr.com,San Jose,CA,95134,37.418436,-121.944978
386,Launch Darkly,launchdarkly.com,Oakland,CA,94612,37.80614,-122.27157
681,Symantec,symantec.com,Mountain View,CA,94043,37.397614,-122.053924
774,WePay,go.wepay.com,Redwood City,CA,94063,37.49396,-122.227933
91,BitBucket,bitbucket.org,San Francisco,CA,94104,37.791355,-122.403396
1054,Atlassian,atlassian.com,San Francisco,CA,94104,37.791008,-122.403322
57,Appodeal,www.appodeal.com,San Francisco,CA,94110,37.76481,-122.412706
258,Formation,formation.ai,San Francisco,CA,94107,37.782762,-122.394848
732,Twitch,www.twitch.tv,San Francisco,CA,94104,37.791025,-122.403217
527,Planet,www.planet.com,San Francisco,CA,94103,37.773063,-122.411185
431,Medrio,medrio.com,San Francisco,CA,94104,37.792619,-122.400424
1012,JetFuel,jetfuel.it,San Francisco,CA,94103,37.773369,-122.410884
853,Retool,retool.com,San Francisco,CA,94114,37.764695,-122.429561
692,Tech Liminal,techliminal.com,Oakland,CA,94612,37.808926,-122.265351
78,Bedrock Analytics,bedrockanalytics.com,Oakland,CA,94612,37.809245,-122.265106
911,Distru,distru.com,Oakland,CA,94612,37.808372,-122.265387
30,Airware,www.airware.com,San Francisco,CA,94104,37.793697,-122.401731
598,SAP,sap.com,Palo Alto,CA,94304,37.398759,-122.146484
757,VMWare,www.vmware.com,Palo Alto,CA,94304,37.402086,-122.144617
336,Imperva,imperva.com,Redwood City,CA,94065,37.537772,-122.25518
677,Swing Talent,swingtalent.com,Oakland,CA,94612,37.804149,-122.26788
207,DIY,diy.org,San Francisco,CA,94110,37.75903,-122.416221
583,Rithm School,www.rithmschool.com,San Francisco,CA,94110,37.763528,-122.4208
921,CipherCloud,ciphercloud.com,San Jose,CA,95110,37.328862,-121.893598
680,Syllable.ai,syllable.ai,Sunnyvale,CA,94087,37.369399,-122.035872
844,Diffbot,www.diffbot.com,Menlo Park,CA,94025,37.457562,-122.176536
819,BlackBird,flyblackbird.com,San Francisco,CA,94108,37.791246,-122.404357
676,SwiftStack,swiftstack.com,San Francisco,CA,94104,37.790643,-122.403057
346,Insikt,www.insikt.com/#,San Francisco,CA,94104,37.790643,-122.403057
295,Groove Labs,www.groove.co,San Francisco,CA,94107,37.783836,-122.392073
875,Directly,directly.com,San Francisco,CA,94107,37.783789,-122.39217
213,Dropbox,www.dropbox.com,San Francisco,CA,94107,37.780811,-122.392494
704,The Athletic,theathletic.com,San Francisco,CA,94104,37.792234,-122.401542
716,TIBCO Software,tibco.com,Palo Alto,CA,94304,37.407268,-122.145009
407,Logikcull,logikcull.com,San Francisco,CA,94107,37.77686,-122.396108
58,Apptimize,apptimize.com,San Francisco,CA,94107,37.77686,-122.396108
424,Matter,matterapp.com,San Francisco,CA,94107,37.780427,-122.395991
618,Shopify,shopify.com,San Francisco,CA,94105,37.788585,-122.401273
358,Jobspring Partners,www.jobspringpartners.com,San Francisco,CA,94105,37.788445,-122.401534
256,Fond,fond.co,San Francisco,CA,94105,37.788585,-122.401273
786,Workbridge Associates,www.workbridgeassociates.com,San Francisco,CA,94105,37.788445,-122.401534
343,Insight Global,www.insightglobal.com,San Francisco,CA,94105,37.788445,-122.401534
575,Restless Bandit,restlessbandit.com,San Francisco,CA,94105,37.788445,-122.401534
151,ClassPass,classpass.com,San Francisco,CA,94105,37.788585,-122.401273
363,Jumpshot,www.jumpshot.com,San Francisco,CA,94107,37.78411,-122.391727
839,Topology,topologyeyewear.com,San Francisco,CA,94110,37.760577,-122.416398
611,Sendwithus,sendwithus.com,San Francisco,CA,94110,37.760528,-122.416168
292,Greenfield Labs,greenfieldlabs.com,Palo Alto,CA,94304,37.408727,-122.14585
628,Skedulo,skedulo.com,San Francisco,CA,94111,37.797413,-122.401375
356,Ironclad,ironcladapp.com,San Francisco,CA,94107,37.780079,-122.402791
851,Numerator,www.numerator.com,San Francisco,CA,94107,37.77918,-122.394507
466,Naytev,www.naytev.com,San Francisco,CA,94103,37.77795,-122.405417
390,Leap Motion,www.leapmotion.com,San Francisco,CA,94103,37.771717,-122.413551
968,Robinhood,robinhood.com,Palo Alto,CA,94306,37.422211,-122.13708
81,Benevity,benevity.com,San Mateo,CA,94403,37.544091,-122.306726
493,OpenAI,www.openai.com,San Francisco,CA,94110,37.762383,-122.414734
718,Townsquared,townsquared.com,San Francisco,CA,94110,37.763825,-122.416855
76,Barracuda,www.barracuda.com,Campbell,CA,95008,37.267651,-121.957931
393,LendingHome,www.lendinghome.com,San Francisco,CA,94104,37.792112,-122.40288
813,Zuora,zuora.com,San Mateo,CA,94403,37.540405,-122.298993
238,Evernote,evernote.com,Redwood City,CA,94063,37.49209,-122.222378
672,Sumo Logic,sumologic.com,Redwood City,CA,94063,37.492762,-122.227852
15,Addepar,addepar.com,Mountain View,CA,94041,37.39267,-122.080849
679,Syapse,syapse.com,San Francisco,CA,94107,37.785676,-122.395843
518,Periscope Data,www.periscopedata.com,San Francisco,CA,94107,37.785233,-122.395693
317,Hired,hired.com,San Francisco,CA,94103,37.785233,-122.395693
54,AppDynamics,www.appdynamics.com,San Francisco,CA,94107,37.785676,-122.395843
306,Handy,www.handy.com,New York,NY,10003,40.721593,-73.983459
273,Genomic Health,genomichealth.com,Redwood City,CA,94063,37.498897,-122.218145
224,Elastic.co,www.elastic.co,San Francisco,CA,94105,37.789541,-122.394228
712,ThousandEyes,www.thousandeyes.com,San Francisco,CA,94105,37.789527,-122.394276
177,Copper,www.copper.com,San Francisco,CA,94105,37.789527,-122.394276
121,BuildZoom,www.buildzoom.com,San Francisco,CA,94105,37.789527,-122.394276
311,HelloSign,www.hellosign.com,San Francisco,CA,94105,37.789527,-122.394276
205,Disqus,disqus.com,San Francisco,CA,94105,37.789527,-122.394276
926,Deem,deem.com,San Francisco,CA,94105,37.789483,-122.394217
490,Okta,www.okta.com,San Francisco,CA,94107,37.781405,-122.392179
671,StumbleUpon,corp.stumbleupon.com,San Francisco,CA,94107,37.781405,-122.392179
1042,Storm Ventures,stormventures.com,Menlo Park,CA,94025,37.42359,-122.221003
1047,Trinity Ventures,NaN,Menlo Park,CA,94025,37.42359,-122.221003
997,Columbus Nova,NaN,Menlo Park,CA,94025,37.42359,-122.221003
990,Bright Capital,NaN,Menlo Park,CA,94025,37.42359,-122.221003
1035,Sequoia Capital,sequoiacap.com,Menlo Park,CA,94025,37.42359,-122.221003
1010,Institutional Venture Partners,NaN,Menlo Park,CA,94025,37.42359,-122.221003
1025,Mohr Davidow Ventures,NaN,Menlo Park,CA,94025,37.42359,-122.221003
567,Redpoint Ventures,NaN,Menlo Park,CA,94025,37.42359,-122.221003
1033,Relay Ventures,NaN,Menlo Park,CA,94025,37.42359,-122.221003
1041,Sofinnova Ventures,NaN,Menlo Park,CA,94025,37.42359,-122.221003
939,Hewlett Packard,hp.com,Palo Alto,CA,94304,37.414562,-122.146289
817,Bayside Solutions,baysidesolutions.com,San Ramon,CA,94583,37.768727,-121.968373
481,Notion,www.notion.so,San Francisco,CA,94110,37.759409,-122.411109
917,unitQ,unitq.com,San Mateo,CA,94401,37.564618,-122.322962
304,HackerOne,hackerone.com,San Francisco,CA,94104,37.792445,-122.402454
577,RGA Associates,www.rgatech.com,San Francisco,CA,94104,37.792403,-122.402497
298,Grovo,www.grovo.com,San Francisco,CA,94104,37.792403,-122.402497
264,Fundbox,fundbox.com,San Francisco,CA,94104,37.792442,-122.402219
455,Mosaic,joinmosaic.com,Oakland,CA,94612,37.80875,-122.263705
197,Dealpath,www.dealpath.com,San Francisco,CA,94104,37.793493,-122.400446
623,Sight Machine,sightmachine.com,San Francisco,CA,94133,37.798597,-122.402599
1056,Convex,convexbuilt.com,San Francisco,CA,94107,37.781819,-122.392524
691,Teamable,teamable.com,San Francisco,CA,94103,37.764927,-122.419086
499,Oscar Health,www.hioscar.com,New York,NY,10012,40.724552,-73.995391
644,Sonder,sonder.com,San Francisco,CA,94103,37.777507,-122.422741
579,Rigetti,rigetti.com,Berkeley,CA,94710,37.852525,-122.290996
989,Battery Ventures,NaN,Menlo Park,CA,94025,37.421944,-122.21513
1023,Menlo Ventures,NaN,Menlo Park,CA,94025,37.421944,-122.21513
1038,Sierra Ventures,NaN,Menlo Park,CA,94025,37.421944,-122.21513
987,Altos Ventures,NaN,Menlo Park,CA,94025,37.421968,-122.214066
993,Charles River Ventures,NaN,Menlo Park,CA,94025,37.421968,-122.214066
1001,Draper Fisher Jurvetson,NaN,Menlo Park,CA,94025,37.421968,-122.214066
103,Bolt,bolt.com,San Francisco,CA,94103,37.776857,-122.408265
988,Andreessen Horowitz,a16z.com,Menlo Park,CA,94025,37.41973,-122.214244
1027,New Enterprise Associates,NaN,Menlo Park,CA,94025,37.419767,-122.21359
438,MetaVision,www.metavision.com,San Mateo,CA,94403,37.536121,-122.325787
940,Houzz,houzz.com,Palo Alto,CA,94301,37.445099,-122.160735
955,McAfee,mcafee.com,Santa Clara,CA,95054,37.389291,-121.979214
1017,LeapYear,leapyear.io,Berkeley,CA,94705,37.859214,-122.258919
1016,Kohlberg Kravis Roberts,kkr.com,Menlo Park,CA,94025,37.421086,-122.21216
620,Shutterfly,shutterfly.com,Redwood City,CA,94065,37.539416,-122.256659
56,AppNexus,www.appnexus.com,New York,NY,10010,40.741487,-73.990992
62,Armory,www.armory.io,San Mateo,CA,94401,37.56325,-122.325167
1039,Silver Lake Partners,NaN,Menlo Park,CA,94025,37.417814,-122.210348
992,Canaan Partners,NaN,Menlo Park,CA,94025,37.419687,-122.209616
1048,TriplePoint Capital,triplepointcapital.com,Menlo Park,CA,94025,37.419515,-122.209543
1020,Makena Capital Management,NaN,Menlo Park,CA,94025,37.419515,-122.209543
868,Incorta,incorta.com,San Mateo,CA,94403,37.536903,-122.324879
1015,Kleiner Perkins,NaN,Menlo Park,CA,94025,37.421271,-122.211292
550,Qwilt,qwilt.com,Redwood City,CA,94065,37.524955,-122.257862
962,NVIDIA,nvidia.com,Santa Clara,CA,95050,37.370837,-121.964022
22,Adyen,www.adyen.com,San Francisco,CA,94107,37.782608,-122.391772
1049,U.S. Venture Partners,NaN,Menlo Park,CA,94025,37.419632,-122.209057
149,Civil Maps,civilmaps.com,San Francisco,CA,94133,37.807678,-122.415314
1011,InterWest Partners,NaN,Menlo Park,CA,94025,37.421583,-122.208924
1026,Morgenthaler,NaN,Menlo Park,CA,94025,37.421583,-122.208924
269,GE Digital,ge.com,San Ramon,CA,94583,37.766315,-121.961693
650,Splunk,splunk.com,San Francisco,CA,94107,37.783154,-122.391775
277,GitLab,about.gitlab.com,San Francisco,CA,94104,37.791192,-122.401818
351,Intuit,www.intuit.com,Mountain View,CA,94043,37.431219,-122.097991
856,Truework,www.truework.com,San Francisco,CA,94103,37.775773,-122.410486
83,BetterUp,www.betterup.co,San Francisco,CA,94103,37.775741,-122.410515
124,Cadence Design Systems,www.cadence.com,San Jose,CA,95134,37.396063,-121.919533
13,Accela,accela.com,San Ramon,CA,94583,37.766261,-121.958243
70,Avast,avast.com,Redwood City,CA,94063,37.485898,-122.233689
936,Globalfoundries,globalfoundries.com,Santa Clara,CA,95054,37.415293,-121.974448
540,Proteus Digital Health,www.proteus.com,Redwood City,CA,94065,37.539077,-122.25728
437,MessageBird,www.messagebird.com,San Francisco,CA,94107,37.778262,-122.394648
67,Atrium LTS,www.atrium.co,San Francisco,CA,94107,37.778262,-122.394648
746,Verbal + Visual,verbalplusvisual.com,New York,NY,10011,40.738368,-73.993907
72,Avenue Code,www.avenuecode.com,San Francisco,CA,94108,37.786937,-122.405545
12,Abstract,goabstract.com,San Francisco,CA,NaN,37.756034,-122.418592
705,The Hive,thehive.ai,San Francisco,CA,94111,37.792964,-122.399598
318,Hiretual,www.hiretual.com,Mountain View,CA,94043,37.421186,-122.098438
935,Gigya,gigya.com,Palo Alto,CA,94303,37.421046,-122.098583
635,Smarking,smarking.com,San Francisco,CA,94103,37.766784,-122.402589
381,Kong,konghq.com,San Francisco,CA,94108,37.788405,-122.405977
330,Hustle,hustle.com,San Francisco,CA,94108,37.790504,-122.404232
143,Checkr,checkr.com,San Francisco,CA,94110,37.762905,-122.408725
985,Accel-KKR,NaN,Menlo Park,CA,94025,37.42175,-122.204843
811,Zume Pizza,zumepizza.com,Mountain View,CA,94043,37.399147,-122.084199
453,Mondo,mondo.com,San Francisco,CA,94104,37.79168,-122.402349
880,Lambda School,lambdaschool.com,San Francisco,CA,94104,37.79168,-122.402349
802,Zenefits,www.zenefits.com,San Francisco,CA,94107,37.7831,-122.391019
371,Karuna Health,www.meetkaruna.com,San Francisco,CA,94102,37.782584,-122.411252
654,Springboard,springboard.com,San Francisco,CA,94102,37.782569,-122.411148
722,Tray.io,tray.io,San Francisco,CA,94107,37.783128,-122.394671
113,Brightidea,www.brightidea.com,San Francisco,CA,94111,37.797974,-122.397541
307,Haven,haveninc.com,San Francisco,CA,94108,37.788264,-122.403713
1004,GGV Capital,NaN,Menlo Park,CA,94025,37.422068,-122.203026
1044,The Blackstone Group,NaN,Menlo Park,CA,94025,37.422068,-122.203026
846,Katerra,www.katerra.com,Menlo Park,CA,94025,37.422068,-122.203026
44,AMD,www.amd.com,Santa Clara,CA,95054,37.382925,-121.970384
1022,Mayfield Fund,NaN,Menlo Park,CA,94025,37.423162,-122.205333
1082,MetricStream,metricstream.com,Palo Alto,CA,94303,37.448524,-122.118314
505,Palo Alto Staffing,www.paloaltostaffing.com,Palo Alto,CA,94303,37.448524,-122.118314
1043,Tempo Automation,tempoautomation.com,San Francisco,CA,94103,37.768627,-122.40965
971,Sila Nanotechnologies,silanano.com,Alameda,CA,94501,37.786994,-122.277351
653,SpotX,spotx.tv,New York,NY,10016,40.744385,-73.987066
296,Groupon,groupon.com,Santa Clara,CA,95054,37.382589,-121.96944
698,Teleport,teleport.org,San Francisco,CA,94115,37.792212,-122.434802
736,Udacity,www.udacity.com,Mountain View,CA,94040,37.399322,-122.107764
1037,Shasta Ventures,shastaventures.com,Menlo Park,CA,94025,37.422654,-122.203971
932,EMC Data Domain,emc.com,Santa Clara,CA,95054,37.39035,-121.970629
1009,Highland Capital Partners,NaN,Menlo Park,CA,94025,37.422643,-122.203958
986,Altimeter Capital,NaN,Menlo Park,CA,94025,37.422643,-122.203958
999,DCM Ventures,NaN,Menlo Park,CA,94025,37.422643,-122.203958
322,Hoodline,hoodline.com,San Francisco,CA,94110,37.758335,-122.412322
1030,Onset Ventures,NaN,Menlo Park,CA,94025,37.423485,-122.203901
514,PeopleGrove,www.peoplegrove.com,San Francisco,CA,94108,37.788168,-122.406508
249,Fingerprint Digital,www.fingerprintplay.com,San Francisco,CA,94108,37.788168,-122.406508
621,Sibly,sibly.co,Redwood City,CA,94063,37.486231,-122.230866
265,FundersClub,fundersclub.com,San Francisco,CA,94108,37.790315,-122.404185
703,Thalmic Labs,www.thalmic.com,San Francisco,CA,94107,37.759864,-122.388784
536,Premier Talent Partners,premiertalentpartners.com,San Francisco,CA,94104,37.791367,-122.40288
138,CBS Interactive,www.cbsinteractive.com,San Francisco,CA,94105,37.786512,-122.397038
904,Wootric,wootric.com,San Francisco,CA,94104,37.792601,-122.401286
471,Netlify,www.netlify.com,San Francisco,CA,94107,37.760272,-122.388098
805,Zenysis,zenysis.com,San Francisco,CA,94107,37.760272,-122.388098
516,Perforce,perforce.com,Alameda,CA,94501,37.770875,-122.238889
353,Invoice2go,2go.com,Redwood City,CA,94063,37.486067,-122.230423
19,AdRoll,www.adroll.com,San Francisco,CA,94110,37.760419,-122.41325
892,Zero Financial,zero.app,San Francisco,CA,94111,37.793572,-122.399339
52,App Annie,appannie.com,San Francisco,CA,94108,37.787754,-122.404015
1031,Parabola,parabola.io,San Francisco,CA,94108,37.789151,-122.405004
750,Via Transportation,ridewithvia.com,New York,NY,10001,40.743929,-73.988172
776,Wheelwell,wheelwell.com,San Francisco,CA,94109,37.79645,-122.424052
1007,Greylock Partners,NaN,Menlo Park,CA,94025,37.424218,-122.194856
300,Gumroad,gumroad.com,San Francisco,CA,94103,37.76945,-122.42205
552,Radius,radius.com,San Francisco,CA,94104,37.790841,-122.40128
404,LiveRamp,liveramp.com,San Francisco,CA,94104,37.790869,-122.401228
1008,Handshake,joinhandshake.com,San Francisco,CA,94104,37.790886,-122.401209
432,Meltwater,www.meltwater.com,San Francisco,CA,94104,37.790984,-122.401595
403,Lithium Technologies,www.lithium.com,San Francisco,CA,94104,37.790841,-122.40128
154,ClearMetal,www.clearmetal.com,San Francisco,CA,94104,37.790882,-122.401552
272,General Assembly,generalassemb.ly/locations/san-francisco,San Francisco,CA,94104,37.790882,-122.401552
893,d2iq,d2iq.com,San Francisco,CA,94104,37.790928,-122.401199
412,Machine Zone,www.mz.com,Palo Alto,CA,94303,37.449965,-122.120976
998,Craigslist,craigslistfoundation.org,San Francisco,CA,94108,37.790033,-122.404521
700,Terminus Software,terminus.com,San Francisco,CA,94108,37.790032,-122.404488
142,Chartio,chartio.com,San Francisco,CA,94108,37.790209,-122.403499
400,LinkedIn,www.linkedin.com,San Francisco,CA,94105,37.786403,-122.398322
512,PayPal,www.paypal.com,San Jose,CA,95131,37.376851,-121.922733
697,TEKsystems,teksystems.com,San Francisco,CA,94105,37.790388,-122.392259
667,Streak CRM,streak.com,San Francisco,CA,94105,37.790388,-122.392259
210,Docusign,www.docusign.com,San Francisco,CA,94105,37.790344,-122.392177
475,NexTravel,www.nextravel.com,San Francisco,CA,94108,37.790169,-122.404171
185,Crowdcast,www.crowdcast.io,San Francisco,CA,94108,37.790169,-122.404171
759,Volt Workforce Solutions,www.volt.com,Fremont,CA,94538,37.555363,-121.975903
907,Better Mortgage,better.com,Oakland,CA,94612,37.811184,-122.26756
8,99designs,99designs.com,Oakland,CA,94612,37.811184,-122.26756
648,Sparkart,sparkart.com,Oakland,CA,94612,37.811203,-122.267396
984,5AM Ventures,5amventures.com,Menlo Park,CA,94025,37.422774,-122.199215
1018,Lightspeed Venture Partners,NaN,Menlo Park,CA,94025,37.422774,-122.199215
1028,Nexus Venture Partners,NaN,Menlo Park,CA,94025,37.422774,-122.199215
1045,The Westly Group,NaN,Menlo Park,CA,94025,37.422774,-122.199215
942,Intel,intel.com,Santa Clara,CA,95054,37.387524,-121.96366
617,Shipt,shipt.com,San Francisco,CA,94103,37.784814,-122.405614
162,Clover Health,www.cloverhealth.com,San Francisco,CA,94103,37.784814,-122.405614
595,Salon Media Group,www.salon.com,San Francisco,CA,94103,37.784814,-122.405614
233,EQ Recruiting,eqrecruiters.com,San Francisco,CA,94123,37.798851,-122.435599
1005,GI Partners,NaN,Menlo Park,CA,94025,37.423064,-122.198505
237,Everlane,www.everlane.com,San Francisco,CA,94110,37.762589,-122.415424
369,Kapor Center,www.kaporcenter.org,Oakland,CA,94612,37.810608,-122.266877
767,Watsi,watsi.org,San Francisco,CA,94110,37.76316,-122.415519
1013,Khosla Ventures,khoslaventures.com,Menlo Park,CA,94025,37.425613,-122.193384
793,Yapstone,yapstone.com,Walnut Creek,CA,94596,37.90866,-122.066521
1002,Farmstead,farmsteadapp.com,San Francisco,CA,94110,37.763498,-122.412739
614,Shazam,shazam.com,Redwood City,CA,94063,37.48683,-122.228591
528,PlanGrid,www.plangrid.com,San Francisco,CA,94110,37.763037,-122.419242
125,Cadre Talent,yourcadre.com,San Francisco,CA,94123,37.800405,-122.438155
905,turnitin,turnitin.com,Oakland,CA,94612,37.810394,-122.265898
894,Everlaw,everlaw.com,Oakland,CA,94612,37.81028,-122.266009
871,ColorTokens,colortokens.com,Santa Clara,CA,95054,37.409514,-121.961797
342,Informatica,informatica.com,Redwood City,CA,94063,37.511302,-122.204801
688,Tanium,tanium.com,Emeryville,CA,94608,37.839364,-122.29897
140,Change Healthcare,changehealthcare.com,Emeryville,CA,94608,37.839364,-122.29897
63,Art.com,art.com,Emeryville,CA,94608,37.839364,-122.29897
506,Pandora,www.pandora.com,Oakland,CA,94612,37.810138,-122.266349
502,Outlier AI,outlier.ai,Oakland,CA,94612,37.810138,-122.266349
976,TuneIn,tunein.com,San Francisco,CA,94107,37.77801,-122.39253
225,Electronic Arts,ea.com,Redwood City,CA,94065,37.52328,-122.254142
560,ReadMe,readme.io,San Francisco,CA,94108,37.790011,-122.404115
450,Mode Analytics,modeanalytics.com,San Francisco,CA,94103,37.766906,-122.406888
770,Webflow,webflow.com,San Francisco,CA,94103,37.766906,-122.406888
32,Aktana,www.aktana.com,San Francisco,CA,94102,37.786667,-122.40834
980,Xilinx,xilinx.com,San Jose,CA,95124,37.252624,-121.933771
947,Lab126,lab126.com,Cupertino,CA,95014,37.321379,-122.030751
129,Canvas Medical,canvasmedical.com,San Francisco,CA,94122,37.763298,-122.480026
833,NexGenT,nexgent.com,San Jose,CA,95110,37.371113,-121.925578
530,Poshmark,poshmark.com,Redwood City,CA,94065,37.521035,-122.253951
221,eBay,ebayinc.com,San Jose,CA,95125,37.295337,-121.926095
414,Magoosh,magoosh.com,Berkeley,CA,94704,37.871034,-122.271016
658,Stamen Design,stamen.com,San Francisco,CA,94103,37.764766,-122.419671
675,Swiftly,goswift.ly,San Francisco,CA,94105,37.791226,-122.391966
631,Slalom Consulting,slalom.com,San Francisco,CA,94105,37.791226,-122.391966
148,CircleCI,circleci.com,San Francisco,CA,94105,37.791263,-122.392015
958,Metaswitch Networks,metaswitch.com,San Francisco,CA,94103,37.7669,-122.407192
544,Qualia,qualia.com,San Francisco,CA,94105,37.790966,-122.394737
337,Indeed,indeed.jobs,San Francisco,CA,94105,37.790966,-122.394737
279,Gladly,www.gladly.com,San Francisco,CA,94111,37.793034,-122.39903
167,CodeSignal,codesignal.com,San Francisco,CA,94111,37.793034,-122.39903
157,Climate Corporation,climate.com,San Francisco,CA,94103,37.785067,-122.399868
131,Capital One,www.capitalone.com,San Francisco,CA,94103,37.785067,-122.399868
743,Vaco,www.sfvaco.com,Walnut Creek,CA,94596,37.905996,-122.064968
563,Red Oak Technologies,www.redoaktech.com,San Jose,CA,95110,37.369715,-121.922733
159,Cloudbees,www.cloudbees.com,San Jose,CA,95110,37.369715,-121.922733
589,Roofstock,roofstock.com,Oakland,CA,94612,37.809423,-122.268446
627,Sizmek,sizmek.com,Redwood City,CA,94063,37.510734,-122.203471
290,Gracenote,gracenote.com,Emeryville,CA,94608,37.837928,-122.300742
79,Beezwax Datatools,www.beezwax.net,Oakland,CA,94612,37.805766,-122.272202
271,GenapSys,genapsys.com,Redwood City,CA,94063,37.50446,-122.219206
565,Reddit,reddithelp.com,San Francisco,CA,94102,37.782543,-122.410516
1059,DuckDuckGo,duckduckgo.com,Paoli,PA,19301,40.041099,-75.486881
581,RingCentral,www.ringcentral.com,Belmont,CA,94002,37.5109,-122.306596
355,Iris Automation,www.irisonboard.com,San Francisco,CA,94103,37.768352,-122.41689
511,Pathstream,www.pathstream.com,San Francisco,CA,94105,37.78872,-122.398384
709,The Trade Desk,www.thetradedesk.com,New York,NY,10016,40.746003,-73.982451
482,Nova Credit,neednova.com,San Francisco,CA,94103,37.783128,-122.407763
459,Mozilla,mozilla.org,San Francisco,CA,94105,37.789475,-122.389293
1065,Ockam,ockam.io,San Francisco,CA,94111,37.794788,-122.39841
684,Talener,www.talener.com,San Francisco,CA,94111,37.794788,-122.39841
89,Binti,binti.com,Oakland,CA,94612,37.807875,-122.265068
136,CashBet,cashbet.com,Oakland,CA,94612,37.807846,-122.265079
417,Mainz Brady Group,mbg.com,Oakland,CA,94612,37.807846,-122.265079
483,npm Inc,www.npmjs.com,Oakland,CA,94612,37.807846,-122.265079
294,Grin,www.grin.co,Sacramento,CA,95811,38.572115,-121.507752
251,FitBit,www.fitbit.com,San Francisco,CA,94105,37.789873,-122.394781
670,StubHub,stubhub.com,San Francisco,CA,94105,37.789873,-122.394781
208,DNAnexus,dnanexusconnect.com,Mountain View,CA,94040,37.393674,-122.099278
135,Carta,carta.com,Palo Alto,CA,94306,37.426587,-122.138655
764,Wake,wake.com,San Francisco,CA,94103,37.76999,-122.425351
374,Khan Academy,www.khanacademy.org,Mountain View,CA,94043,37.421321,-122.088694
262,FreeWire Technologies,freewiretech.com,San Leandro,CA,94577,37.7153,-122.179217
41,Amazon,amazon.com,East Palo Alto,CA,94303,37.459056,-122.142821
943,Jasper Wireless,jasper.com,Mountain View,CA,94043,37.38628,-122.051355
472,New Relic,newrelic.com,San Francisco,CA,94105,37.791445,-122.392967
60,Aptly,getaptly.com,San Francisco,CA,94107,37.781016,-122.39507
725,Triplebyte,triplebyte.com,San Francisco,CA,94107,37.778621,-122.391806
1070,Sqreen,sqreen.com,San Francisco,CA,94107,37.778636,-122.391813
507,Panoply,panoply.io,San Francisco,CA,94107,37.778636,-122.391813
570,Reforge,www.reforge.com,San Francisco,CA,94102,37.771349,-122.426463
829,Health Gorilla,healthgorilla.com,Sunnyvale,CA,94086,37.377107,-122.014039
763,Vungle,vungle.com,San Francisco,CA,94107,37.779731,-122.401798
164,Coda,coda.io,San Francisco,CA,94107,37.776597,-122.391949
406,Lob,lob.com,San Francisco,CA,94107,37.776657,-122.391842
668,Stripe,stripe.com,San Francisco,CA,94107,37.776503,-122.392038
410,Lyft,www.lyft.com,San Francisco,CA,94107,37.776503,-122.392038
717,Tophatter,tophatter.com,San Francisco,CA,94107,37.776597,-122.391949
1064,Lohika,lohika.com,San Mateo,CA,94402,37.553927,-122.299989
639,SnapLogic,snaplogic.com,San Mateo,CA,94402,37.553927,-122.299989
229,enSilo,www.ensilo.com,San Francisco,CA,94105,37.786907,-122.398658
586,Rocket Lawyer,www.rocketlawyer.com,San Francisco,CA,94105,37.791002,-122.393409
864,Tipalti,tipalti.com,San Mateo,CA,94404,37.556738,-122.281605
1061,Hivemapper,hivemapper.com,Burlingame,CA,94010,37.593663,-122.388098
798,Zazzle,zazzle.com,Redwood City,CA,94063,37.51098,-122.201431
601,Say Media,saymedia.com,San Francisco,CA,94107,37.779373,-122.392617
259,Forward,goforward.com,San Francisco,CA,94104,37.790039,-122.403645
587,RocketSpace,www.rocketspace.com,San Francisco,CA,94104,37.791899,-122.400667
744,ValiMail,www.valimail.com,San Francisco,CA,94104,37.790773,-122.401906
603,Scalable Press,scalablepress.com,San Francisco,CA,94104,37.790773,-122.401906
215,Dynata,dynata.com,San Francisco,CA,94104,37.790776,-122.402103
420,Marqeta,marqeta.com,Oakland,CA,94612,37.81136,-122.262597
555,RaiseMe,www.raise.me,San Francisco,CA,94110,37.763869,-122.419088
394,LendUp,www.lendup.com,Oakland,CA,94612,37.807218,-122.269279
883,Oderful,orderful.com,San Francisco,CA,94123,37.798198,-122.42813
961,Nutanix,nutanix.com,San Jose,CA,95112,37.367681,-121.918126
1067,OutreachCircle,outreachcircle.com,Los Altos,CA,94022,37.377091,-122.110261
849,Nextgen Technologies,www.nextgentechinc.com,San Jose,CA,95112,37.368505,-121.915417
1071,Wiser Solutions,wiser.com,San Mateo,CA,94402,37.551741,-122.314051
200,Design Action Collective,designaction.org,Oakland,CA,94612,37.806559,-122.267826
375,Kickstart Coding,kickstartcoding.com,Oakland,CA,94612,37.807053,-122.269864
428,Mayvenn,mayvenn.com,Oakland,CA,94612,37.806403,-122.268092
344,Insight Recruiting,insightrecruiting.com,San Francisco,CA,94111,37.805502,-122.405183
1073,Roku,roku.com,Los Gatos,CA,95032,37.261103,-121.961486
869,PARISOMA,parisoma.com,San Francisco,CA,94103,37.773624,-122.41588
134,Carrot Fertility,www.get-carrot.com,San Francisco,CA,94107,37.779816,-122.392259
558,RapidAPI,rapidapi.com,San Francisco,CA,94107,37.779816,-122.392259
855,Toole Design,tooledesign.com,Oakland,CA,94612,37.806636,-122.270002
73,BabyCenter,babycenter.com,San Francisco,CA,94107,37.777601,-122.398012
74,Babylist,babylist.com,Oakland,CA,94612,37.807139,-122.27281
242,Fabric Genomics,fabricgenomics.com,Oakland,CA,94612,37.806374,-122.270684
463,Mynd,mynd.co,Oakland,CA,94612,37.806374,-122.270684
500,OSIsoft,osisoft.com,San Leandro,CA,94577,37.72122,-122.161542
192,Databricks,databricks.com,San Francisco,CA,94105,37.791365,-122.393741
838,Stellar,stellar.org,San Francisco,CA,94110,37.76401,-122.418853
807,Zicasso,zicasso.com,Mountain View,CA,94040,37.390265,-122.092123
881,MediaMonks,mediamonks.com,San Francisco,CA,94105,37.787108,-122.399067
1080,Acquia,acquia.com,San Francisco,CA,94105,37.787108,-122.399067
64,Asana,asana.com,San Francisco,CA,94103,37.767534,-122.411183
773,WellnessFX,wellnessfx.com,San Francisco,CA,94103,37.767617,-122.410872
389,Leanplum,www.leanplum.com,San Francisco,CA,94103,37.767534,-122.411183
236,Eventbrite,www.eventbrite.com,San Francisco,CA,94103,37.78238,-122.405225
630,Slack,slack.com,San Francisco,CA,94103,37.78238,-122.405225
674,Swift Navigation,swiftnav.com,San Francisco,CA,94103,37.773495,-122.417794
94,Bleacher Report,bleacherreport.com,San Francisco,CA,94108,37.789499,-122.404017
1062,Joro,joro.tech,Oakland,CA,94612,37.804745,-122.267597
1055,1528 Webster,1528webster.com,Oakland,CA,94612,37.804745,-122.267597
334,iHear Medical,ihearmedical.com,San Leandro,CA,94578,37.697558,-122.129672
171,CoInspect,coinspectapp.com,San Francisco,CA,94103,37.771857,-122.414584
250,First Round Capital,firstround.com,San Francisco,CA,94103,37.774833,-122.414905
174,Comfy,comfyapp.com,Oakland,CA,94612,37.804838,-122.268901
520,Phone2Action,phone2action.com,Arlington,VA,22209,38.894398,-77.074594
762,VSCO,vsco.co,Oakland,CA,94612,37.80533,-122.270368
405,Livongo,livongo.com,Mountain View,CA,94041,37.39242,-122.071804
872,Contentful,contentful.com,San Francisco,CA,94105,37.791767,-122.393586
720,Tradecraft,tradecraft.com,San Francisco,CA,94105,37.786733,-122.400867
651,Spotify,spotify.com,New York,NY,10007,40.710289,-74.01229
25,Affinity,www.affinity.co,San Francisco,CA,94133,37.796981,-122.404782
842,Zipcar,zipcar.com,San Mateo,CA,94401,37.567466,-122.325692
554,Rainmakers,www.rainmakers.co,San Francisco,CA,94105,37.786086,-122.400017
297,Grove Collaborative,www.grove.co,San Francisco,CA,94109,37.790038,-122.419915
836,Skupos,skupos.com,San Francisco,CA,94109,37.790038,-122.419915
216,Earnest,www.earnest.com,San Francisco,CA,94103,37.775228,-122.417563
656,Square,squareup.com,San Francisco,CA,94103,37.775231,-122.417528
734,Uber,www.uber.com,San Francisco,CA,94103,37.775231,-122.417528
235,Even.com,even.com,Oakland,CA,94612,37.804701,-122.270471
209,Docker,www.docker.com,San Francisco,CA,94107,37.780151,-122.391987
1075,280 Group,280group.com,Los Gatos,CA,95030,37.220624,-121.985589
887,Sourcegraph,sourcegraph.com,San Francisco,CA,94105,37.786816,-122.40049
584,Riviera Partners,rivierapartners.com,San Francisco,CA,94103,37.774847,-122.415168
97,BloomThat,www.bloomthat.com,San Francisco,CA,94107,37.751824,-122.389362
310,HeartFlow,heartflow.com,Redwood City,CA,94063,37.51365,-122.199525
927,Delphix,delphix.com,Redwood City,CA,94063,37.513745,-122.199786
108,Branch,branch.io,Redwood City,CA,94063,37.51365,-122.199525
61,Apttus,apttus.com,San Mateo,CA,94404,37.556081,-122.288161
266,Gainsight,gainsight.com,Redwood City,CA,94065,37.535116,-122.258255
352,Invitae,www.invitae.com,San Francisco,CA,94103,37.76683,-122.401309
794,Yelp,www.yelpblog.com,San Francisco,CA,94105,37.786662,-122.399972
10,2600Hz,2600hz.com,San Francisco,CA,94108,37.787935,-122.405029
903,Seismic,seismic.com,San Francisco,CA,94105,37.787305,-122.399372
515,Percolate,percolate.com,San Francisco,CA,94105,37.787305,-122.399372
590,Runway Incubator,www.runway.is,San Francisco,CA,94103,37.776769,-122.416616
792,Yammer,www.yammer.com,San Francisco,CA,94103,37.776769,-122.416616
714,Thumbtack,www.thumbtack.com,San Francisco,CA,94103,37.776769,-122.416616
442,Microsoft,www.microsoft.com,San Francisco,CA,94103,37.776769,-122.416616
733,Twitter,twitter.com,San Francisco,CA,94103,37.776834,-122.416376
930,Egnyte,egnyte.com,Mountain View,CA,94043,37.409204,-122.083073
782,Womply,www.womply.com,San Francisco,CA,94107,37.779826,-122.391025
607,Scripted,scripted.com,San Francisco,CA,94107,37.781005,-122.397089
452,Modis,modis.com,San Francisco,CA,94105,37.791554,-122.394095
719,Traction,www.tractionco.com,San Francisco,CA,94109,37.790485,-122.419255
827,GetThru,getthru.io,Oakland,CA,94612,37.8039,-122.270794
5,21Tech,21tech.com,Oakland,CA,94612,37.8039,-122.270794
116,Broadcom,www.broadcom.com,San Jose,CA,95131,37.386135,-121.900328
612,Sentry,sentry.io,San Francisco,CA,94107,37.783991,-122.397363
900,Rockbot,rockbot.com,Oakland,CA,94612,37.803816,-122.271335
485,Nuro,nuro.ai,Mountain View,CA,94043,37.410376,-122.081143
123,C3,c3.ai,Redwood City,CA,94063,37.513716,-122.201786
359,Jobvite,jobvite.com,San Mateo,CA,94402,37.554714,-122.317245
751,Vidado,vidado.ai,Oakland,CA,94607,37.794857,-122.273891
203,Digitalist Global,digitalist.global,San Francisco,CA,94105,37.791908,-122.393852
75,Backerkit,www.backerkit.com,San Francisco,CA,94103,37.773998,-122.410834
454,MoogSoft,www.moogsoft.com,San Francisco,CA,94111,37.802896,-122.402254
789,xMatters,xmatters.com,San Ramon,CA,94583,37.772877,-121.959513
155,Clever,clever.com,San Francisco,CA,94103,37.776408,-122.413882
145,Chewse,www.chewse.com,San Francisco,CA,94103,37.775724,-122.412707
790,Xoriant,xoriant.com,Sunnyvale,CA,94089,37.404943,-121.987639
39,AltSchool,www.altschool.com,San Francisco,CA,94103,37.774189,-122.410479
226,Elegant Themes,www.elegantthemes.com,San Francisco,CA,94103,37.775624,-122.411781
569,Reflektive,www.reflektive.com,San Francisco,CA,94107,37.779858,-122.390665
107,Braintree,www.braintreepayments.com,San Francisco,CA,94107,37.77984,-122.390637
230,Entelo,www.entelo.com,San Francisco,CA,94105,37.791833,-122.394431
622,Sift Science,siftscience.com,San Francisco,CA,94105,37.791833,-122.394431
440,Metric Insights,www.metricinsights.com,San Francisco,CA,94103,37.775104,-122.415275
899,Renew Financial,renewfinancial.com,Oakland,CA,94607,37.803463,-122.272345
908,Clorox,thecloroxcompany.com,Oakland,CA,94612,37.803463,-122.272345
435,Mende Design,mendedesign.com,San Francisco,CA,94103,37.77471,-122.41009
689,Taos,taos.com,San Jose,CA,95134,37.395928,-121.931578
551,Radical Designs,radicaldesigns.org,Oakland,CA,94612,37.80512,-122.276975
186,Cruise Automation,www.getcruise.com,San Francisco,CA,94103,37.770038,-122.409703
284,Gong.io,www.gong.io,San Mateo,CA,94403,37.546157,-122.290233
524,Pixar,pixar.com,Emeryville,CA,94608,37.832592,-122.28372
122,Bukwild,www.bukwild.com,Sacramento,CA,95814,38.582053,-121.505066
682,SyncFab,syncfab.com,San Leandro,CA,94577,37.725249,-122.155549
602,Scal.io,scal.io,San Francisco,CA,94108,37.788109,-122.403763
4,15Five,15five.com,San Francisco,CA,94103,37.781714,-122.403236
850,Nuance Communications,www.nuance.com,Sunnyvale,CA,94085,37.37944,-121.997339
461,Mux,mux.com,San Francisco,CA,94102,37.779224,-122.414381
479,NoRedInk,www.noredink.com,San Francisco,CA,94105,37.787593,-122.399686
274,Getaround,getaround.com,San Francisco,CA,94103,37.77413,-122.40766
495,Opendoor,www.opendoor.com,San Francisco,CA,94105,37.787072,-122.400451
211,DoorDash,doordashstore.com,San Francisco,CA,94105,37.787243,-122.40054
408,Looker,looker.com,San Francisco,CA,94103,37.774367,-122.407404
806,ZeroCater,zerocater.com,San Francisco,CA,94107,37.781289,-122.396682
1083,Switchboard Software,switchboard-software.com,San Francisco,CA,94104,37.79154,-122.401103
110,Brex,brex.com,San Francisco,CA,94104,37.791425,-122.401038
1032,Procore Technologies,procore.com,Alameda,CA,94502,37.727646,-122.231974
768,WayUp,wayup.com,New York,NY,10001,40.744976,-73.992422
328,Hotwire,www.hotwire.com,San Francisco,CA,94104,37.791437,-122.400546
749,Vevo,www.vevo.com,San Francisco,CA,94104,37.791437,-122.400546
214,Duncan Channon,www.duncanchannon.com,San Francisco,CA,94104,37.79148,-122.400593
975,thredUP,thredup.com,San Francisco,CA,94104,37.79152,-122.400593
945,Juniper Networks,juniper.net,Sunnyvale,CA,94089,37.407504,-122.029189
572,Remix,www.remix.com,San Francisco,CA,94103,37.777616,-122.410352
785,Woopra,www.woopra.com,San Francisco,CA,94103,37.771106,-122.409152
901,Vivun,vivun.com,Oakland,CA,94607,37.802803,-122.272921
1019,Lucasfilm,lucasfilm.com,San Francisco,CA,94129,37.800434,-122.450001
564,Redbubble,www.redbubble.com,San Francisco,CA,94104,37.79005,-122.402659
965,POPSUGAR,popsugar.com,San Francisco,CA,94104,37.789817,-122.40255
608,Securly,securly.com,San Jose,CA,95113,37.337659,-121.894104
68,Autodesk,www.autodesk.com,San Rafael,CA,94903,38.005402,-122.530873
169,Coffee Meets Bagel,coffeemeetsbagel.com,San Francisco,CA,94105,37.785333,-122.408147
35,AlienVault,www.alienvault.com,San Mateo,CA,94403,37.545105,-122.290819
96,Bloc,www.bloc.io,San Francisco,CA,94104,37.790218,-122.402723
487,Oath,www.oath.com,San Francisco,CA,94123,37.781888,-122.406155
895,Gravitational,gravitational.com,Oakland,CA,94607,37.790432,-122.269155
1051,Zerodown,Zerodown.com,San Francisco,CA,94105,37.788595,-122.400989
132,Carbon,carbon3d.com,Redwood City,CA,94063,37.487369,-122.209545
1053,Auth0,auth0.com,Bellevue,WA,98004,47.61782,-122.195861
972,Space Systems Loral,sslmda.com,Palo Alto,CA,94303,37.429347,-122.10886
396,Liftopia,about.liftopia.com/index.html,San Francisco,CA,94103,37.780919,-122.411399
629,Skillz,skillz.com,San Francisco,CA,94103,37.780945,-122.411377
593,Saildrone,www.saildrone.com,Alameda,CA,94501,37.782828,-122.305146
891,ZEIT,zeit.co,San Francisco,CA,94133,37.7978,-122.405305
176,Compology,compology.com,San Francisco,CA,94103,37.771769,-122.407331
212,DroneDeploy,www.dronedeploy.com,San Francisco,CA,94103,37.771793,-122.4074
1034,Seagate,seagate.com,Cupertino,CA,95014,37.320788,-122.031617
970,Seagate Technology,seagate.com,Cupertino,CA,95014,37.320788,-122.031617
659,Starcity,starcity.com,San Francisco,CA,94133,37.797508,-122.405181
800,Zendesk,www.zendesk.com,San Francisco,CA,94103,37.78158,-122.410444
161,Cloudflare,www.cloudflare.com,San Francisco,CA,94107,37.780223,-122.390587
605,Scalyr,scalyr.com,San Mateo,CA,94401,37.566047,-122.325402
382,KPCB,www.kpcb.com,San Francisco,CA,94107,37.781277,-122.393741
178,CoreOS,coreos.com,San Francisco,CA,94105,37.787412,-122.400224
409,Luma Health,lumahealth.io,San Francisco,CA,94104,37.790434,-122.402526
973,SurveyMonkey,surveymonkey.com,Palo Alto,CA,94301,37.444478,-122.165316
788,Xero,www.xero.com,San Francisco,CA,94111,37.800154,-122.401883
517,Performance Horizon,performancehorizon.com,San Francisco,CA,94111,37.793462,-122.398097
640,Snappr,snappr.co,San Francisco,CA,94111,37.792978,-122.397876
473,Newfront Insurance,www.newfrontinsurance.com,San Francisco,CA,94105,37.788117,-122.39921
969,Sandisk,sandisk.com,Milpitas,CA,95035,37.417533,-121.92248
967,reputation.com,reputation.com,Redwood City,CA,94063,37.487976,-122.224383
384,Landor,landor.com,San Francisco,CA,94111,37.800912,-122.400573
683,Synchrony,www.synchrony.com,San Francisco,CA,94105,37.789152,-122.397614
470,Netflix,netflix.com,Los Gatos,CA,95032,37.259575,-121.962753
280,Glassdoor,glassdoor.com,Mill Valley,CA,94941,37.880139,-122.51452
641,Snowflake Computing,snowflake.com,San Mateo,CA,94401,37.566551,-122.325004
983,Zscaler,zscaler.com,San Jose,CA,95134,37.415951,-121.947837
498,Oracle,www.oracle.com,Redwood City,CA,94065,37.530705,-122.26242
95,Blend,blend.com,San Francisco,CA,94104,37.790377,-122.401862
115,BrightTALK,brighttalk.com,San Francisco,CA,94104,37.789941,-122.40211
638,Snapdocs,snapdocs.com,San Francisco,CA,94104,37.790377,-122.401862
959,MongoDB,mongodb.com,Palo Alto,CA,94301,37.442041,-122.161195
609,Segment,segment.com,San Francisco,CA,94111,37.793949,-122.398062
491,OneLogin,www.onelogin.com,San Francisco,CA,94111,37.794004,-122.398003
202,Dialpad,dialpad.com,San Francisco,CA,94111,37.794004,-122.398003
312,Helpshift,www.helpshift.com,San Francisco,CA,94104,37.791479,-122.399947
37,Alloy,alloy.ai,San Francisco,CA,94107,37.780521,-122.396507
1058,Dokkio,dokkio.com,San Mateo,CA,94403,37.551425,-122.291173
723,trendmedia,trendmedia.com,San Francisco,CA,94104,37.790099,-122.400751
778,Wish,www.wish.com,San Francisco,CA,94104,37.790446,-122.401154
429,McKesson,www.mckesson.com,San Francisco,CA,94104,37.788765,-122.402747
661,Stitch Fix,stitchfix.com,San Francisco,CA,94104,37.789205,-122.403442
496,Opentable,www.opentable.com,San Francisco,CA,94104,37.789468,-122.402935
834,Prifina,prifina.com,San Francisco,CA,94105,37.791047,-122.400047
313,Hims,www.forhims.com,San Francisco,CA,94129,37.800184,-122.44982
261,Founders Fund,foundersfund.com,San Francisco,CA,94129,37.800184,-122.44982
804,Zenreach,zenreach.com,San Francisco,CA,94129,37.800322,-122.449951
642,SoFi,sofi.com,San Francisco,CA,94129,37.800322,-122.449951
340,Industrial Light & Magic,www.ilm.com,San Francisco,CA,94129,37.800184,-122.44982
954,Maverick Capital,maverickventures.com,San Francisco,CA,94129,37.798845,-122.449338
234,Equinix,equinix.com,Redwood City,CA,94065,37.527344,-122.261179
243,Facebook,www.facebook.com,Menlo Park,CA,94025,37.484377,-122.148304
245,Fanatics,fanatics.com,San Mateo,CA,94403,37.542249,-122.293545
826,Fuzzy,yourfuzzy.com,San Francisco,CA,NaN,37.774929,-122.419415
783,Wonderschool,www.wonderschool.com,San Francisco,CA,NaN,37.774929,-122.419415
841,WellPay,www.wellpay.care,San Mateo,CA,NaN,37.562992,-122.325525
741,UrbanSitter,www.urbansitter.com,San Francisco,CA,NaN,37.774929,-122.419415
646,Sourceress,www.sourceress.com,San Francisco,CA,NaN,37.774929,-122.419415
591,Rylo,www.rylo.com,San Francisco,CA,NaN,37.774929,-122.419415
847,Mission Lane,www.missionlane.com,San Francisco,CA,NaN,37.774929,-122.419415
422,Massdrop,www.massdrop.com,San Francisco,CA,NaN,37.774929,-122.419415
305,Hammerhead,www.hammerhead.io,San Francisco,CA,NaN,37.774929,-122.419415
278,Givecampus,www.givecampus.com,San Francisco,CA,NaN,37.774929,-122.419415
219,Eatsa,www.eatsa.com,San Francisco,CA,NaN,37.774929,-122.419415
198,Deepnote,www.deepnote.org,San Francisco,CA,NaN,37.774929,-122.419415
146,Chime,www.chimebank.com,San Francisco,CA,NaN,37.774929,-122.419415
105,Boxbot,www.boxbot.io,Oakland,CA,NaN,37.804364,-122.271114
1050,WorkPatterns,workpatterns.com,San Francisco,CA,NaN,37.774929,-122.419415
360,Joy,withjoy.com,San Francisco,CA,NaN,37.774929,-122.419415
902,Ascend,tryascend.com,San Jose,CA,NaN,37.338208,-121.886329
693,TechConnexion,techconnexion.com,San Francisco,CA,NaN,37.774929,-122.419415
634,Slow Ventures,slow.co,San Francisco,CA,NaN,37.774929,-122.419415
615,Shift.org,shift.org,San Francisco,CA,NaN,37.774929,-122.419415
582,Riot Games,riotgames.com,San Francisco,CA,NaN,37.783711,-122.427614
966,Qwil,qwil.com,San Francisco,CA,NaN,37.774929,-122.419415
542,Pusher,pusher.com,San Francisco,CA,NaN,37.774929,-122.419415
535,Pramp,pramp.com,San Francisco,CA,NaN,37.774929,-122.419415
1066,Oura,ouraring.com,San Francisco,CA,NaN,37.774929,-122.419415
848,NextGen America,nextgenamerica.org,San Francisco,CA,NaN,37.774929,-122.419415
882,Moonlight,moonlightwork.com,San Francisco,CA,NaN,37.774929,-122.419415
915,Mercury,mercury.com,San Francisco,CA,NaN,37.774929,-122.419415
957,Mentor Graphics Inc,mentor.com,46871 Bayside Pkwy,CA,NaN,37.479393,-121.942169
415,Mailchimp,mailchimp.com,Oakland,CA,NaN,37.804364,-122.271114
411,Lyte,lyte.com,San Francisco,CA,NaN,37.774929,-122.419415
950,Lucasfilm Ltd,lucasfilm.com,1110 O'Reilly Ave,Sa,NaN,37.800434,-122.450001
949,Lookout,lookoutsf.com,3600 16th St,Sa,NaN,37.76438,-122.433318
378,KittyHawk,kittyhawk.io,San Francisco,CA,NaN,37.774929,-122.419415
370,Kapwing,kapwing.com,San Francisco,CA,NaN,37.774929,-122.419415
914,Jane Technologies,iheartjane.com,Santa Cruz,CA,NaN,36.974117,-122.030796
938,Grand Rounds Inc.,grandrounds.com,370 3rd St,Sa,NaN,37.782688,-122.398342
288,Google,google.com,Mountain View,CA,NaN,37.386052,-122.083851
1029,Noyo,gonoyo.com,San Francisco,CA,NaN,37.774929,-122.419415
831,Miles,getmiles.com,75 E Santa Clara St,Su,NaN,37.337119,-121.889391
257,Forkable,forkable.com,San Francisco,CA,NaN,37.774929,-122.419415
232,Enwoven,enwoven.com,Oakland,CA,NaN,37.804364,-122.271114
227,Employbl,employbl.com,Alameda,CA,NaN,37.765206,-122.241636
929,eBay Inc.,ebayinc.com,2025 E Hamilton Ave,Sa,NaN,37.295337,-121.926095
928,Drawbridge,drawbridge.com,2121 S El Camino Real,Sa,NaN,37.547371,-122.307611
912,Dover,dover.io,San Francisco,CA,NaN,37.774929,-122.419415
191,Daily Kos,dailykos.com,Oakland,CA,NaN,37.804364,-122.271114
996,Codi,codiwork.com,San Francisco,CA,NaN,37.774929,-122.419415
995,Coderpad,coderpad.io,San Francisco,CA,NaN,37.774929,-122.419415
923,Cloudera Inc,cloudera.com,433 California St,Sa,NaN,37.792699,-122.401684
860,Google Cloud,cloud.google.com,Sunnyvale,CA,NaN,37.411097,-122.018176
153,ClearBrain,clearbrain.com,San Francisco,CA,NaN,37.774929,-122.419415
920,Brocade,brocade.com,130 Holger Way,Sa,NaN,37.418482,-121.95232
88,Binc,bincsearch.com,San Francisco,CA,NaN,37.774929,-122.419415
85,Bexi,bexi.io,San Leandro,CA,NaN,37.72493,-122.156077
69,Automattic,automattic.com,San Francisco,CA,NaN,37.774929,-122.419415
816,Aura Frames,auraframes.com,San Francisco,CA,NaN,37.774929,-122.419415
702,Tetra,asktetra.com,San Francisco,CA,NaN,37.774929,-122.419415
1072,Apollo GraphQL,apollographql.com,140 10th Street,Sa,NaN,37.77469,-122.415463
11,Abl Schools,ablschools.com,San Francisco,CA,NaN,37.774929,-122.419415
3,10 by 10,10by10.io,San Francisco,CA,NaN,37.774929,-122.419415